V1,V2,V3,V4,V5,V6,V7,V8,V9,V10,V11,V12,V13,V14,V15,V16,V17,V18,V19,V20,V21,V22,V23,V24,V25,V26,V27,V28,Amount,Class
140,123,142,52,116,35,28,124,50,70,40,117,49,100,51,67,103,94,39,104,75,73,93,61,76,41,36,61,0,1
138,126,133,53,115,34,25,125,55,46,68,74,78,79,57,46,83,91,83,106,77,79,91,51,90,58,38,62,0,0
146,118,141,47,114,36,26,124,60,75,29,122,51,104,38,51,103,108,60,104,74,72,93,71,85,43,36,61,0,1
88,146,79,84,102,29,12,153,27,26,95,62,54,55,50,25,25,37,90,108,81,65,91,59,91,45,41,63,0,0
146,121,137,49,116,36,27,124,62,69,32,114,42,101,67,65,104,104,60,104,75,76,92,38,87,46,36,61,0,1
148,119,133,43,116,35,27,123,68,67,34,126,72,96,47,63,105,99,73,105,75,72,93,65,81,48,36,61,1,1
137,116,129,44,115,36,31,121,62,72,24,116,50,111,52,57,98,97,86,102,76,92,93,45,72,42,38,62,4,1
143,123,139,61,117,36,29,123,48,78,24,113,44,108,33,64,96,94,45,104,76,84,92,56,85,58,35,60,0,1
146,122,137,60,116,36,27,125,55,71,56,114,21,98,56,69,109,112,48,104,75,75,93,56,84,54,36,61,0,1
148,122,132,68,117,38,27,124,51,75,41,122,63,93,27,70,104,112,54,104,76,78,93,49,84,57,36,61,0,1
62,155,59,86,96,29,8,167,30,31,80,77,67,73,49,33,36,40,82,108,82,59,90,60,98,46,40,63,0,0
133,112,141,57,117,35,27,124,59,68,34,116,63,97,72,65,103,119,74,109,78,80,96,51,83,48,35,61,3,1
148,121,137,69,116,36,27,124,66,77,34,101,76,116,33,67,99,97,46,104,75,75,93,52,79,48,36,61,0,1
143,120,136,61,117,36,27,123,49,81,28,115,57,108,52,60,103,92,96,105,77,85,94,74,69,128,35,61,0,1
140,121,137,37,116,38,26,118,44,73,44,114,48,105,60,66,108,96,106,106,72,87,93,29,80,58,36,61,0,1
141,120,142,51,115,38,28,124,58,72,30,116,56,107,75,59,100,103,87,106,77,83,94,41,80,51,36,61,2,1
136,126,136,46,116,39,25,109,76,68,23,118,40,86,33,65,113,118,60,102,96,65,94,35,82,43,36,61,0,1
134,122,142,61,116,37,29,118,62,89,45,115,51,102,68,57,100,86,77,103,77,79,93,69,76,50,27,62,1,1
124,110,138,53,119,33,25,117,69,72,37,114,28,102,65,68,103,97,53,97,79,67,91,60,79,39,42,60,2,1
141,122,130,39,116,36,31,122,55,61,34,115,56,94,50,63,110,111,65,105,76,81,92,39,93,48,36,60,3,1
134,126,128,69,113,33,22,126,36,47,72,69,54,67,63,22,34,41,113,106,79,82,92,63,79,49,40,65,0,0
141,122,140,47,116,36,28,124,55,69,52,119,43,102,60,63,105,109,74,105,76,78,92,48,83,46,35,61,0,1
133,120,140,43,116,34,28,123,67,77,38,120,59,102,63,65,99,94,71,103,73,72,96,64,85,57,40,61,0,1
148,123,132,71,117,35,28,124,48,73,52,118,43,92,30,70,111,112,48,104,75,73,93,52,82,52,36,61,0,1
142,110,131,42,114,35,29,123,74,66,45,126,35,112,45,57,100,104,81,108,78,75,91,59,80,20,35,61,6,1
141,117,132,61,116,36,29,124,54,71,48,118,37,104,52,57,109,114,102,107,77,81,96,67,75,43,36,61,3,1
148,122,133,70,116,36,27,124,55,72,34,114,54,87,48,73,109,117,37,104,76,83,93,64,82,60,36,61,0,1
146,121,141,59,115,37,27,124,56,75,49,128,58,107,36,63,99,89,61,104,75,74,93,57,84,49,36,61,0,1
140,121,142,39,115,35,28,124,60,67,52,117,32,101,53,69,101,114,58,104,76,78,93,65,78,62,36,61,1,1
136,123,138,46,116,35,26,116,61,71,38,113,26,102,69,62,111,102,76,103,85,66,93,55,77,66,38,61,0,1
139,116,141,47,114,37,29,124,60,71,49,114,25,110,66,62,100,108,77,107,77,84,96,56,78,71,35,60,3,1
138,117,138,48,127,28,18,123,78,81,51,110,44,126,39,54,108,81,47,102,79,65,52,39,48,35,38,63,0,1
145,120,129,46,112,35,22,126,46,56,73,84,46,77,44,44,53,50,94,106,79,87,93,56,80,51,39,62,0,0
142,122,144,63,115,39,25,119,51,73,50,126,52,110,54,62,102,101,73,106,72,87,93,62,87,65,36,62,0,1
139,119,145,49,116,38,26,122,70,74,46,121,28,104,43,56,103,96,76,104,78,85,92,52,75,47,36,59,0,1
137,117,139,41,115,37,28,123,56,75,26,118,55,104,42,54,100,104,48,102,73,71,92,49,80,38,36,61,2,1
140,120,138,31,113,38,30,123,67,63,32,120,47,108,60,56,101,94,80,105,76,80,93,52,86,37,36,60,3,1
146,118,140,41,115,38,26,125,71,70,36,129,65,102,32,63,98,101,88,105,75,78,92,43,85,87,36,61,0,1
135,129,132,50,116,39,24,98,90,74,42,105,70,96,39,63,118,121,62,101,108,54,97,59,66,32,35,60,0,1
143,123,140,59,117,37,28,124,47,79,43,123,62,106,27,66,93,99,49,104,76,83,92,72,79,50,35,60,0,1
143,124,137,79,117,37,27,124,49,72,40,116,63,81,46,65,121,116,78,105,75,78,92,73,78,65,35,61,0,1
141,123,142,46,116,35,28,123,59,68,44,115,41,98,64,62,107,102,55,104,76,81,92,66,81,42,35,60,0,1
144,123,137,61,117,37,28,124,47,77,22,118,60,108,28,64,96,89,49,104,76,80,93,65,74,46,36,61,0,1
146,121,137,46,116,35,27,124,58,69,59,124,49,101,55,64,106,101,63,104,75,75,93,59,84,62,36,61,0,1
94,144,84,85,103,30,13,150,37,23,107,41,73,59,42,23,26,40,88,107,81,65,91,58,90,44,42,63,1,1
146,122,139,63,116,36,27,124,69,69,48,103,70,105,38,64,113,96,48,104,74,69,93,60,84,48,36,61,0,1
146,118,137,36,115,36,27,124,54,73,46,118,50,101,44,70,105,92,87,105,75,74,92,48,85,44,36,61,1,1
140,122,140,59,113,39,25,111,63,62,33,127,52,98,45,60,112,106,83,107,67,89,94,70,86,54,37,62,2,1
147,119,131,46,116,34,28,123,70,65,35,121,52,95,49,62,110,106,70,105,76,74,92,51,83,38,36,61,2,1
122,113,122,51,115,35,28,125,50,58,34,103,57,100,50,50,76,77,84,101,76,87,94,61,88,53,36,61,1,1
142,120,136,37,116,36,28,123,63,64,31,123,69,97,42,63,104,100,70,105,75,74,94,64,76,45,36,61,1,1
138,126,127,56,115,33,25,126,53,55,55,81,78,101,34,40,71,69,76,104,78,87,92,56,85,44,35,61,0,0
136,103,127,50,113,36,30,122,74,64,25,118,33,113,54,59,101,102,71,112,80,67,88,70,76,27,34,62,12,1
141,122,140,43,116,34,28,124,57,67,35,115,40,103,54,65,102,102,55,104,75,74,92,62,85,38,36,61,0,1
130,126,128,68,112,34,22,128,38,43,67,72,55,67,54,25,35,39,107,105,79,76,92,63,81,43,38,64,1,0
120,119,127,58,118,38,20,86,65,70,48,126,34,99,56,66,115,117,107,104,54,96,97,60,82,86,40,61,0,1
140,125,129,55,116,33,27,125,46,59,46,103,54,87,55,52,91,92,78,105,77,83,93,52,75,38,38,63,0,1
134,116,141,54,115,36,28,123,66,73,28,115,32,106,54,59,102,98,90,102,74,80,95,65,83,47,36,62,1,1
148,120,137,68,117,41,26,126,70,77,45,106,67,114,19,61,104,89,43,104,76,81,93,36,80,57,36,61,0,1
46,161,47,88,93,29,4,168,29,31,72,87,71,85,47,38,43,42,75,109,78,59,90,60,101,45,40,63,0,0
149,121,128,44,117,34,28,123,62,67,36,118,46,99,53,60,109,105,67,104,76,83,92,66,89,46,36,61,0,1
138,119,136,60,114,41,33,119,53,82,43,114,51,101,32,68,89,96,57,102,72,76,94,61,82,43,34,55,5,1
147,118,132,46,115,35,28,123,70,65,38,123,63,94,59,64,108,109,64,106,76,75,92,52,80,35,36,61,2,1
139,116,137,81,116,37,29,121,60,81,44,101,86,114,46,60,105,94,81,105,74,74,94,79,74,54,36,58,4,1
134,119,130,77,123,33,26,125,39,61,58,107,46,66,68,69,139,116,25,106,76,73,94,12,80,63,36,62,0,0
146,121,140,63,115,37,26,125,64,71,47,119,27,94,29,67,109,113,61,104,75,77,93,64,85,57,36,61,0,1
145,119,131,75,116,35,28,123,60,70,44,101,86,101,33,70,112,108,40,106,75,65,92,48,78,44,35,61,3,1
148,122,135,68,116,38,27,125,56,74,44,120,60,90,39,75,104,121,47,104,76,78,93,54,79,52,36,61,0,1
137,122,132,37,112,35,23,127,40,51,69,83,44,77,36,46,52,51,83,106,79,86,93,56,84,49,39,62,1,0
139,129,129,66,119,34,29,122,35,58,44,106,56,65,46,79,130,139,33,104,77,66,91,29,87,57,36,62,0,0
136,117,135,48,115,37,31,121,61,79,48,115,33,109,53,60,96,104,83,105,74,81,94,72,79,35,38,60,4,1
146,123,136,63,116,35,27,123,65,68,49,94,59,101,49,69,114,114,48,104,74,68,93,57,86,51,36,61,0,1
149,118,135,35,115,36,26,124,60,73,51,118,49,97,47,71,107,98,76,105,76,84,93,69,79,48,36,61,0,1
141,127,123,68,113,32,23,126,39,36,80,63,32,49,62,34,50,62,79,106,78,71,92,56,90,46,40,63,0,0
139,124,135,49,114,35,25,126,49,54,48,86,39,83,61,47,63,71,85,106,76,68,93,47,81,57,39,62,0,0
149,120,131,44,117,36,27,124,66,68,43,125,59,96,40,65,105,112,79,105,75,74,93,48,83,44,36,61,0,1
143,123,140,61,115,38,26,118,51,74,26,114,38,113,69,63,101,97,75,106,71,78,93,40,84,60,36,62,0,1
139,118,136,63,115,40,32,120,54,82,43,112,56,103,34,67,91,96,60,102,73,76,94,64,81,44,34,55,5,1
132,126,130,41,115,38,25,109,69,56,60,97,67,87,39,56,92,102,74,101,94,58,95,57,83,40,38,62,1,1
146,122,137,59,115,36,27,125,63,67,54,118,29,88,38,67,115,116,59,104,75,74,93,58,85,50,36,61,0,1
148,122,131,49,117,34,28,123,62,65,41,117,46,91,54,63,115,108,62,104,75,77,92,60,88,45,36,61,0,1
146,121,139,62,115,36,27,125,64,69,46,118,29,91,35,67,112,113,60,104,75,76,93,61,85,54,36,61,0,1
148,122,130,48,117,34,28,123,63,67,39,113,48,99,52,62,110,107,63,104,76,80,92,64,88,47,36,61,0,1
145,121,135,70,116,40,26,126,67,73,50,98,66,108,24,57,97,84,49,104,76,81,93,38,79,56,35,61,0,1
134,124,131,40,115,37,26,113,68,58,53,103,67,90,40,58,95,102,73,102,90,62,95,58,81,41,38,62,1,1
146,122,135,57,116,35,27,124,63,63,46,114,33,83,52,67,121,114,56,104,74,70,93,52,86,45,36,61,0,1
146,118,132,47,115,35,27,123,69,64,39,122,61,93,59,64,107,108,64,106,76,75,92,52,80,35,36,61,2,1
146,123,136,63,116,35,27,123,65,67,49,95,58,101,50,69,115,113,48,104,74,68,93,57,86,51,36,61,0,1
140,125,130,54,116,34,27,125,47,60,45,104,53,89,55,53,92,93,76,105,77,82,93,52,76,38,38,62,0,1
139,123,131,46,115,36,27,126,58,55,46,113,60,82,35,58,97,101,69,105,76,78,94,64,78,43,37,61,1,1
140,122,132,44,115,36,27,125,59,57,42,115,62,86,36,59,99,101,69,105,76,77,94,64,78,43,36,61,1,1
142,122,131,41,116,35,26,124,65,62,50,114,52,89,50,58,95,99,76,104,76,74,92,53,82,37,35,61,0,1
145,121,138,58,116,38,27,125,65,73,41,110,56,110,33,63,103,94,48,104,75,78,93,47,82,49,36,61,0,1
139,122,131,40,115,35,26,124,65,60,53,110,49,86,55,55,90,93,74,104,76,75,91,55,82,34,34,61,0,1
143,121,131,42,116,35,27,124,66,63,48,117,53,91,48,59,97,102,76,104,76,74,92,52,82,38,35,61,0,1
139,118,136,66,115,40,32,120,55,82,43,110,62,105,36,65,94,95,64,103,73,75,94,67,80,46,35,56,5,1
145,122,127,52,115,34,26,124,64,52,73,92,71,84,41,52,88,96,73,106,77,75,93,54,82,38,37,62,1,1
143,123,133,61,116,37,27,125,57,67,46,104,60,100,38,56,97,91,62,104,76,82,93,44,77,47,37,62,0,1
143,123,140,61,115,38,26,118,51,73,27,114,37,111,68,64,102,98,74,106,71,78,93,41,84,59,36,62,0,1
141,118,133,62,116,36,30,122,60,74,46,108,60,105,43,65,104,106,60,106,75,73,93,60,79,40,36,61,4,1
143,123,132,60,116,36,27,125,56,66,46,104,59,98,41,56,96,91,64,105,76,82,93,46,77,45,37,62,0,1
146,122,137,59,116,37,27,124,56,71,41,118,53,95,44,71,103,114,50,104,76,77,93,57,81,47,36,61,0,1
149,118,135,35,115,36,26,124,60,73,50,118,49,97,47,71,106,98,76,105,76,84,93,69,79,48,36,61,0,1
148,120,132,49,117,37,27,124,67,69,43,121,61,100,36,64,105,107,71,104,75,75,93,45,83,47,36,61,0,1
141,118,133,61,116,36,30,122,60,75,46,108,59,105,43,65,104,106,62,106,75,73,93,60,79,40,36,61,4,1
146,123,136,60,116,35,27,124,64,65,47,101,50,94,52,68,117,114,50,104,74,68,93,55,86,48,36,61,0,1
139,116,137,76,116,38,30,121,58,81,44,104,77,111,43,62,101,94,75,104,74,75,94,74,76,51,35,57,4,1
148,120,135,61,117,40,27,125,69,74,45,111,65,109,25,62,104,95,52,104,75,79,93,39,81,53,36,61,0,1
144,122,140,62,115,38,26,121,57,72,36,116,33,104,50,65,104,105,68,105,73,78,93,51,85,59,36,61,0,1
120,119,128,58,118,38,20,87,65,70,48,126,34,99,56,66,115,117,106,104,55,96,97,59,82,85,40,61,0,1
144,122,134,62,116,38,27,125,60,69,46,105,61,103,34,57,99,90,58,104,76,82,93,43,78,49,37,61,0,1
136,118,135,51,115,37,30,122,58,76,52,111,35,104,54,57,89,98,82,105,75,82,94,70,79,38,38,60,4,1
146,123,135,58,116,35,27,124,63,65,57,108,42,90,48,68,118,117,54,104,74,69,93,54,86,46,36,61,0,1
143,122,129,42,116,35,26,124,51,61,47,110,64,85,41,53,95,104,69,104,75,72,92,57,85,60,35,61,0,1
144,118,133,77,116,36,29,122,60,73,44,101,86,104,37,67,110,104,51,106,75,67,93,56,77,47,35,60,3,1
127,125,127,55,114,39,18,91,61,51,54,105,62,101,62,51,90,96,107,108,56,100,96,55,80,56,37,61,0,1
146,122,135,56,116,35,27,124,62,63,61,115,34,85,48,68,121,118,56,104,74,70,93,53,86,44,36,61,0,1
140,124,133,51,116,34,27,124,50,62,43,107,50,92,54,56,94,95,71,105,77,80,93,55,78,38,37,62,0,1
138,117,136,79,116,37,28,122,56,77,50,97,80,108,49,56,96,87,81,104,75,77,94,75,75,55,36,58,4,1
144,121,139,54,116,37,27,125,63,71,40,111,53,108,38,63,103,96,49,104,75,78,93,50,82,46,36,61,0,1
135,118,135,53,115,37,30,122,56,74,55,108,36,102,54,55,86,94,82,104,75,83,94,68,79,39,38,60,4,1
147,121,136,50,115,35,27,124,63,70,50,105,54,99,48,70,111,106,61,104,75,76,93,63,82,50,36,61,0,1
146,121,140,62,115,37,26,125,64,70,46,118,28,92,32,67,110,113,60,104,75,76,93,62,85,56,36,61,0,1
141,123,129,46,116,35,26,125,45,61,49,100,68,84,37,47,90,95,56,104,76,74,92,58,84,70,35,61,0,1
148,121,135,65,116,38,26,125,56,74,45,119,59,91,40,74,104,119,50,104,76,78,93,55,79,52,36,61,0,1
135,118,135,77,115,38,27,123,50,69,61,91,70,96,53,49,78,76,80,104,76,81,95,67,77,56,37,58,3,1
132,120,137,51,115,37,27,117,68,67,42,106,43,99,49,57,97,100,86,101,83,71,95,62,84,44,37,62,1,1
137,118,136,54,115,39,32,120,57,80,45,115,42,105,43,64,93,100,70,103,73,79,94,67,80,39,36,58,4,1
135,119,134,66,113,37,28,126,44,56,47,95,46,91,36,50,74,68,52,108,78,73,97,60,81,44,36,62,4,1
138,120,132,73,114,37,27,124,50,63,62,91,69,88,46,55,81,82,58,105,76,76,94,49,79,51,37,60,3,1
146,121,134,43,116,36,28,124,63,67,40,122,53,98,44,65,104,109,71,105,75,74,93,52,84,42,36,61,0,1
146,118,134,38,115,36,25,120,61,73,50,119,47,97,48,71,108,100,80,105,74,85,94,68,79,52,36,61,0,1
136,117,135,51,115,37,30,122,58,75,48,112,34,106,50,58,91,97,78,105,75,80,95,70,80,36,37,61,4,1
140,123,135,42,116,34,27,124,49,62,41,108,52,91,49,55,95,100,57,104,76,73,92,63,85,53,35,61,0,1
132,118,137,58,115,35,27,124,60,67,38,107,36,97,53,55,92,92,89,102,75,79,95,63,83,52,37,62,1,1
147,122,134,65,116,37,26,125,53,72,45,117,61,88,39,70,101,118,49,104,76,77,93,55,80,55,36,61,0,1
137,106,129,52,114,37,31,122,70,68,29,118,36,111,50,61,98,101,68,110,78,69,90,68,77,30,34,61,11,1
141,117,135,79,116,37,29,122,60,78,44,101,86,110,42,63,107,98,68,105,74,71,93,69,76,51,36,59,4,1
144,121,138,40,116,35,27,124,58,69,40,116,43,101,51,67,103,101,62,104,76,78,93,64,83,41,36,61,0,1
134,117,129,60,111,39,28,117,59,54,43,102,38,89,52,51,84,85,82,106,75,73,84,69,73,41,39,60,9,1
141,118,133,63,116,36,30,122,60,74,46,107,63,104,42,66,105,106,59,106,75,72,93,59,79,40,36,61,3,1
137,119,134,75,114,38,28,119,57,70,46,98,69,101,48,55,95,88,83,104,74,75,89,75,73,51,38,58,5,1
134,118,134,56,114,37,29,123,53,71,59,104,38,97,55,52,79,87,82,104,75,84,95,65,80,42,38,60,3,1
144,122,138,57,116,37,26,119,53,72,29,115,39,110,65,63,103,99,73,105,72,79,93,46,85,57,36,62,0,1
134,117,140,55,115,36,28,124,65,70,32,113,34,102,51,58,101,99,88,102,75,81,95,65,82,47,36,62,1,1
146,122,136,58,116,35,27,124,64,64,46,115,32,85,48,67,118,114,57,104,75,71,93,54,86,47,36,61,0,1
145,123,137,58,116,37,27,121,57,67,37,115,42,95,61,65,112,105,64,105,73,73,93,45,85,51,36,62,0,1
143,120,131,49,114,35,27,124,63,58,43,113,63,88,56,59,95,96,64,106,77,76,93,50,79,36,36,61,2,1
146,122,133,54,116,35,28,124,62,62,45,117,46,83,54,65,120,111,57,104,75,71,93,53,87,44,36,61,0,1
146,121,138,61,115,36,27,125,63,67,47,119,38,89,37,67,113,112,59,104,75,75,93,59,86,52,36,61,0,1
146,121,139,61,115,36,27,125,63,68,47,119,35,90,35,67,112,113,59,104,75,76,93,61,86,54,36,61,0,1
143,118,133,77,116,36,29,122,60,74,44,101,86,105,38,67,110,103,54,106,75,68,93,58,77,47,35,60,3,1
148,121,135,59,116,37,26,125,57,74,46,119,57,92,41,74,105,115,55,105,76,79,93,58,79,51,36,61,0,1
146,122,137,63,116,35,27,124,65,68,48,100,51,100,45,69,113,113,51,104,74,70,93,59,85,52,36,61,0,1
145,119,131,74,116,36,29,123,60,71,44,101,83,101,34,70,111,107,42,106,75,66,92,49,78,44,35,61,3,1
141,120,128,75,115,36,27,124,53,60,58,89,71,86,38,57,89,90,58,106,76,69,93,48,80,46,38,61,3,1
149,120,135,51,115,37,26,124,58,74,47,119,54,94,43,73,105,109,63,105,76,81,93,62,79,50,36,61,0,1
148,120,133,52,117,38,27,124,67,71,44,118,62,102,33,64,105,104,66,104,75,76,93,44,82,48,36,61,0,1
134,119,130,56,114,37,29,123,53,66,61,98,33,92,53,49,77,87,90,104,75,81,95,65,80,40,39,61,4,1
148,122,134,69,116,38,26,125,54,73,46,117,57,88,38,73,103,120,48,104,76,77,93,54,80,53,36,61,0,1
139,116,136,79,116,37,29,122,58,79,44,100,82,112,46,59,102,91,79,105,74,74,94,77,75,53,36,58,4,1
134,119,134,62,112,37,28,126,45,57,47,97,40,92,39,49,72,68,58,107,78,75,97,63,82,43,37,62,4,1
148,120,137,67,117,41,26,126,70,77,45,106,67,114,19,61,104,89,44,104,76,81,93,36,80,57,36,61,0,1
149,118,135,39,115,36,26,124,59,73,50,118,50,96,46,72,106,101,73,105,76,83,93,67,79,49,36,61,0,1
149,118,135,38,115,36,26,124,61,73,50,115,50,97,47,71,107,100,73,105,76,82,93,68,79,48,36,61,0,1
147,119,133,36,115,36,26,124,56,70,51,114,52,93,46,66,103,98,73,105,76,81,93,68,80,53,36,61,0,1
147,120,136,64,116,40,26,126,66,74,46,105,67,109,22,59,102,90,45,104,76,80,93,40,80,59,36,61,0,1
144,122,132,54,116,37,26,125,54,66,48,102,67,95,30,52,95,93,51,104,76,76,93,50,83,65,36,61,0,1
136,123,131,39,115,34,26,124,65,58,55,106,46,84,58,52,87,88,73,104,76,75,91,57,81,31,34,61,0,1
140,124,128,55,114,36,26,120,51,54,47,101,44,84,58,55,92,96,73,106,73,79,93,61,81,39,37,61,2,1
141,125,129,53,116,34,27,124,49,60,46,106,55,88,53,54,93,95,78,105,77,81,93,51,76,39,38,62,0,1
134,118,134,56,114,38,29,123,53,70,60,102,38,96,56,52,78,86,81,104,75,84,95,65,80,43,38,60,3,1
136,121,136,60,116,38,24,108,55,73,33,118,36,108,65,64,105,104,85,105,66,84,94,46,83,68,38,62,0,1
146,123,135,57,116,35,27,124,62,64,59,112,37,87,48,68,120,118,55,104,74,69,93,54,86,45,36,61,0,1
141,122,140,43,116,34,28,124,56,66,35,115,41,102,53,64,101,102,55,104,75,74,92,62,85,39,36,61,0,1
142,120,136,37,116,36,28,123,63,64,31,123,69,97,42,63,104,100,70,105,75,74,94,64,76,45,36,61,1,1
141,120,132,74,115,36,27,124,53,65,56,94,74,92,42,60,91,91,52,105,76,72,93,49,79,49,36,60,3,1
143,122,130,38,115,35,26,125,47,63,50,106,60,84,44,54,94,97,67,104,76,76,93,66,83,63,35,61,0,1
122,121,127,57,117,39,20,88,64,65,50,120,42,100,58,62,108,112,107,105,55,97,97,58,81,77,39,61,0,1
139,122,134,38,116,36,28,119,65,62,39,116,68,94,41,61,101,101,71,104,81,70,94,62,78,43,37,62,1,1
145,119,132,75,116,36,28,123,60,71,44,101,86,102,34,69,112,107,43,106,75,66,92,50,78,45,35,61,3,1
146,122,139,63,115,36,27,124,64,69,47,109,40,97,38,68,111,113,56,104,75,74,93,61,85,55,36,61,0,1
141,122,139,44,116,34,28,124,56,66,36,114,42,101,54,63,100,101,58,104,76,75,93,61,83,38,36,61,0,1
146,123,135,60,116,35,27,124,64,65,47,102,49,93,52,68,118,114,51,104,74,68,93,54,86,48,36,61,0,1
140,123,132,41,116,34,27,124,45,60,44,104,57,86,46,51,92,99,58,104,76,73,92,64,85,60,35,61,0,1
130,123,134,48,115,37,26,113,69,63,51,100,50,94,45,56,94,101,83,101,89,65,95,59,84,42,38,63,1,1
143,123,130,52,116,35,26,125,45,63,48,107,64,81,41,56,93,107,55,104,76,74,93,60,83,65,36,61,0,1
147,122,132,51,117,34,28,123,61,63,44,119,55,86,53,64,117,109,59,104,75,75,92,56,88,44,36,61,0,1
133,117,139,56,115,36,27,124,64,71,32,111,34,102,53,57,98,96,90,102,74,80,95,64,83,49,36,62,1,1
127,121,129,56,117,36,23,104,63,67,53,113,45,87,54,59,98,98,86,104,64,84,95,59,80,54,37,62,0,1
135,120,134,56,115,36,27,125,60,62,43,108,39,89,42,56,96,100,81,103,76,82,94,64,82,45,37,62,1,1
139,125,128,48,116,34,26,125,43,58,48,101,60,82,49,48,89,94,70,105,77,78,93,57,80,54,37,62,0,1
142,120,135,39,116,36,28,123,62,63,32,121,68,96,43,61,102,98,71,105,76,74,94,64,76,45,36,61,1,1
139,116,137,81,116,37,29,121,60,81,44,101,85,114,46,60,104,94,81,105,74,74,94,79,74,54,36,58,4,1
149,118,135,44,115,37,26,125,63,74,49,114,54,102,39,69,106,96,67,104,76,83,93,60,79,50,36,61,0,1
149,120,131,45,117,37,27,124,66,68,43,123,59,97,39,64,105,111,76,105,75,74,93,47,83,45,36,61,0,1
127,128,128,42,114,39,24,104,72,54,71,87,64,84,39,54,88,103,77,99,101,53,96,54,85,38,39,63,2,1
140,122,133,45,115,36,27,124,58,60,41,111,62,91,47,53,90,84,77,105,78,75,94,62,76,46,36,61,1,1
147,120,136,67,117,41,26,126,69,76,45,106,66,113,21,61,104,89,45,104,76,81,93,37,79,56,36,61,0,1
141,122,135,56,116,38,26,125,67,67,52,102,56,100,38,55,93,83,54,104,76,79,92,46,80,44,34,61,0,1
122,119,128,58,118,38,21,91,65,69,49,123,37,96,56,64,111,112,101,104,57,93,97,59,81,77,39,62,0,1
129,126,130,45,114,38,25,107,71,58,63,92,59,88,41,55,91,102,79,100,96,58,96,56,85,40,38,63,1,1
136,118,135,71,114,37,28,124,49,65,46,97,59,99,41,52,83,75,65,106,77,74,96,68,79,48,36,60,4,1
135,111,128,56,112,38,29,119,65,58,36,109,36,99,53,54,91,92,78,109,77,71,86,69,74,35,37,61,11,1
138,119,136,61,114,41,32,119,53,79,44,112,50,99,34,66,88,94,60,102,73,76,93,62,81,43,35,55,5,1
131,121,134,60,117,38,23,102,58,72,37,120,36,106,62,65,108,107,91,105,63,87,95,50,83,73,38,62,0,1
142,122,140,43,116,34,28,124,57,67,35,115,41,103,53,65,102,102,56,104,75,75,93,62,84,38,36,61,0,1
148,119,136,51,116,38,26,125,65,75,48,112,58,105,34,67,105,94,60,104,76,82,93,53,79,52,36,61,0,1
138,116,136,80,116,37,29,122,57,78,48,98,82,110,48,57,98,89,81,104,74,76,94,76,75,54,36,58,4,1
135,124,131,40,115,37,26,113,68,58,52,105,67,90,40,58,96,102,73,102,89,63,95,59,81,41,37,62,1,1
145,123,136,58,116,36,27,122,58,66,39,116,43,92,60,65,114,107,62,105,73,72,93,46,86,49,36,62,0,1
138,123,133,39,116,37,27,117,66,61,43,112,68,93,41,60,99,101,72,104,84,67,95,61,79,43,37,62,1,1
147,120,136,66,116,40,26,126,68,75,45,106,66,112,22,60,103,89,46,104,76,81,93,38,79,55,36,61,0,1
144,121,136,43,116,35,28,124,61,67,38,119,48,100,48,65,103,107,65,104,75,74,93,56,84,40,36,61,0,1
141,123,128,54,114,36,27,120,53,55,46,104,46,85,58,56,93,97,72,106,74,79,93,60,81,38,37,61,2,1
142,124,130,52,116,34,27,124,51,61,46,108,55,89,51,55,94,97,78,105,77,81,93,51,77,40,38,62,0,1
143,123,130,52,116,35,26,125,45,63,48,107,64,81,41,56,93,107,55,104,76,74,92,60,83,65,36,61,0,1
142,119,132,54,114,36,27,124,60,61,52,110,58,87,59,56,89,92,68,105,76,79,93,51,80,42,37,60,2,1
147,122,136,65,116,36,27,124,62,70,47,103,59,98,46,71,111,116,48,104,75,72,93,56,83,51,36,61,0,1
143,119,132,52,115,36,27,124,62,62,49,112,59,89,59,58,92,95,67,105,76,78,93,51,80,40,37,60,2,1
136,117,135,50,115,37,30,122,59,77,51,112,34,105,54,58,91,99,82,105,75,82,94,70,79,37,38,60,4,1
145,123,138,62,116,36,27,121,58,71,38,104,49,107,59,67,108,106,61,105,73,73,93,49,85,55,36,61,0,1
148,120,134,54,117,38,27,125,68,72,44,116,62,104,31,63,105,102,63,104,75,77,93,43,82,49,36,61,0,1
145,120,137,39,115,35,27,124,59,70,43,117,45,100,50,68,104,100,66,105,76,79,93,66,81,43,36,61,0,1
133,125,129,43,115,38,25,109,72,57,62,97,65,87,44,57,94,105,72,101,95,59,95,53,84,37,38,62,2,1
144,120,131,73,116,36,28,123,59,67,45,100,83,98,35,67,107,103,43,106,75,67,92,48,79,44,36,61,3,1
146,122,135,57,116,35,27,124,62,63,48,120,53,82,48,66,119,111,56,105,74,71,93,53,87,46,36,61,0,1
136,123,131,39,115,34,26,124,65,58,55,106,46,84,58,52,87,88,73,104,76,75,91,57,81,32,34,61,0,1
143,118,133,77,116,36,29,122,60,74,44,101,86,105,38,67,110,103,54,106,75,68,93,58,77,47,35,60,3,1
135,119,131,55,114,37,29,123,54,68,60,100,33,94,53,51,79,89,89,104,75,81,95,66,80,39,39,61,4,1
138,123,136,52,115,34,27,124,56,63,46,100,45,95,55,57,90,90,63,104,76,75,93,60,82,41,35,61,0,1
146,122,135,57,116,35,27,124,61,63,48,120,55,81,49,66,120,111,55,105,74,71,93,53,87,45,36,61,0,1
144,122,132,54,116,37,26,125,54,67,48,102,67,95,30,52,95,93,51,104,76,76,93,50,83,65,36,61,0,1
145,118,132,46,115,35,27,122,70,64,41,121,63,93,58,64,107,108,65,105,78,74,93,52,80,35,36,61,2,1
147,122,136,59,116,35,27,123,64,68,49,97,57,101,49,70,113,112,52,104,75,70,93,59,85,51,36,61,0,1
143,121,139,41,116,35,28,124,58,68,38,116,42,102,52,66,103,101,60,104,76,77,93,64,83,40,36,61,0,1
146,122,135,56,116,35,27,124,62,63,60,114,34,85,48,68,120,118,56,104,74,70,93,53,86,44,36,61,0,1
141,122,139,44,116,34,28,124,56,66,36,114,42,102,54,63,101,101,57,104,76,75,93,61,84,38,36,61,0,1
140,125,132,52,116,34,27,124,49,61,43,106,51,91,55,55,93,95,72,105,77,81,93,54,77,38,38,62,0,1
142,120,135,39,116,36,28,123,62,63,32,121,68,96,43,61,102,98,71,105,76,74,94,64,76,45,36,61,1,1
148,120,133,53,117,38,27,125,68,71,44,117,62,103,32,63,105,103,64,104,75,77,93,43,82,49,36,61,0,1
143,122,129,52,114,36,27,121,58,58,44,109,50,88,58,58,97,101,70,106,74,78,93,58,80,37,37,61,2,1
134,117,141,54,115,36,28,122,67,73,30,114,33,105,53,59,101,99,90,102,75,79,95,65,83,47,36,62,1,1
128,120,130,61,117,38,22,98,62,71,47,124,41,96,51,69,112,119,89,104,61,91,96,58,81,76,39,61,0,1
134,119,137,59,114,36,26,123,59,66,41,103,35,96,56,48,85,79,93,103,77,80,94,63,81,48,36,62,1,1
148,122,135,67,116,38,27,125,55,73,44,119,60,90,39,73,103,120,48,104,76,78,93,54,79,53,36,61,0,1
147,122,134,65,116,37,26,125,53,72,45,117,61,88,39,70,101,118,49,104,76,77,93,55,80,55,36,61,0,1
147,122,136,56,116,35,27,124,64,69,49,101,56,100,49,70,112,110,56,104,75,72,93,60,84,50,36,61,0,1
138,122,131,40,115,34,26,124,65,59,54,108,48,85,56,54,89,91,74,104,76,75,91,56,82,33,34,61,0,1
144,123,139,61,116,38,26,119,52,72,29,114,39,108,67,64,104,99,72,106,72,77,93,41,84,58,36,62,0,1
143,120,131,49,114,35,27,124,62,58,44,113,63,87,56,58,93,95,64,106,77,76,93,49,79,36,37,61,2,1
144,120,130,50,115,35,27,122,62,60,42,114,55,90,58,60,101,103,68,106,75,77,93,55,80,36,36,61,2,1
135,119,135,63,113,38,29,124,45,62,46,100,44,93,35,54,75,73,55,106,77,75,96,61,82,44,36,60,4,1
146,122,133,53,116,35,27,124,62,63,59,118,32,85,49,66,120,117,59,104,75,72,93,54,86,43,36,61,0,1
124,123,127,56,116,39,19,90,63,58,52,113,52,101,60,57,99,104,107,107,56,99,96,57,81,67,38,61,0,1
145,119,132,47,115,35,27,124,67,62,41,119,63,91,57,62,102,103,64,106,76,76,93,51,80,35,36,61,2,1
137,118,136,53,115,39,32,120,58,80,46,115,40,106,45,63,93,101,73,104,74,79,94,68,80,38,36,58,4,1
147,118,134,37,115,36,26,122,60,73,50,118,48,97,48,71,107,100,78,105,75,85,94,68,79,51,36,61,0,1
148,122,130,48,117,34,28,123,62,65,46,118,40,93,51,63,114,110,64,104,75,78,92,61,88,45,36,61,0,1
141,123,130,47,116,36,26,125,46,61,49,100,68,85,36,47,90,95,56,104,76,74,92,58,84,69,35,61,0,1
135,114,132,60,112,37,28,125,52,57,41,102,38,97,42,51,79,75,59,109,79,72,95,64,80,39,36,62,7,1
139,116,136,80,116,37,29,122,59,80,44,100,83,113,46,59,103,92,80,105,74,74,94,78,75,53,36,58,4,1
123,119,128,56,118,38,21,91,65,70,48,125,36,99,55,67,114,115,103,104,57,95,97,61,82,81,40,61,0,1
147,120,136,67,116,40,26,126,68,75,45,106,66,112,22,60,103,89,46,104,76,81,93,38,79,55,36,61,0,1
144,121,130,50,115,35,27,121,61,59,42,112,53,89,58,60,100,102,68,106,75,77,93,56,80,37,36,61,2,1
146,118,132,47,115,35,27,123,68,63,39,121,63,92,58,63,105,106,64,106,76,75,92,51,80,35,36,61,2,1
145,123,137,58,116,36,27,121,57,67,37,115,42,95,61,65,112,105,64,105,73,73,93,45,85,51,36,62,0,1
145,123,136,57,116,36,27,122,59,65,39,114,35,91,60,66,116,109,61,105,73,71,93,47,86,48,36,61,0,1
143,121,132,44,116,35,27,124,63,59,50,109,70,91,42,58,97,98,71,105,76,75,94,59,79,42,36,61,1,1
147,120,132,43,116,36,27,124,65,67,42,123,56,97,42,65,104,111,75,105,75,74,93,50,84,43,36,61,0,1
139,116,136,81,116,37,29,122,58,79,46,98,83,111,47,58,101,91,82,104,74,75,94,77,75,54,36,58,4,1
149,118,135,36,115,36,26,124,60,73,50,117,48,97,47,71,106,99,75,105,76,83,93,68,79,47,36,61,0,1
139,116,136,74,116,37,29,121,60,81,45,104,74,113,48,60,103,96,81,105,74,76,94,77,75,50,36,58,4,1
142,122,140,46,116,35,28,124,59,68,36,114,44,105,49,64,102,100,53,104,75,75,93,59,84,40,36,61,0,1
135,120,131,64,117,38,24,107,60,72,46,123,48,94,47,71,109,119,74,104,66,86,95,56,80,67,38,61,0,1
141,121,134,40,116,35,28,124,60,61,36,119,68,93,42,61,99,97,71,105,76,74,94,63,77,48,36,61,1,1
146,122,139,63,115,36,27,124,64,70,47,110,39,96,37,68,111,113,56,104,75,74,93,62,85,55,36,61,0,1
139,118,134,57,116,37,30,122,61,76,47,110,50,106,46,63,101,105,69,105,75,76,93,64,79,38,37,61,4,1
146,123,136,62,116,35,27,123,65,67,48,98,54,98,51,69,116,114,49,104,74,68,93,56,86,50,36,61,0,1
134,118,131,47,116,37,23,105,63,72,49,122,41,98,52,69,111,108,92,104,65,90,95,64,80,67,38,61,0,1
145,123,135,57,116,36,27,123,60,64,42,116,45,87,58,66,117,109,59,105,74,71,93,48,86,47,36,61,0,1
140,125,131,53,116,34,27,124,48,60,45,105,52,89,55,54,92,94,75,105,77,82,93,53,76,38,38,62,0,1
136,123,130,44,115,37,26,113,71,59,56,104,64,88,48,59,97,106,70,102,90,63,94,53,83,36,38,62,2,1
135,119,135,69,113,37,28,125,47,61,46,96,53,96,40,51,79,71,61,107,77,74,96,66,80,47,36,61,4,1
147,121,130,43,116,36,27,124,63,66,44,121,60,93,40,62,103,110,76,105,75,73,93,50,84,47,36,61,0,1
146,122,134,56,116,35,27,124,62,62,44,113,35,83,56,66,121,113,56,104,74,69,93,49,86,44,36,61,0,1
137,117,136,61,116,37,30,121,60,80,46,109,53,111,50,60,99,100,82,105,74,79,94,75,77,42,37,59,4,1
145,123,136,57,116,36,27,122,58,65,40,116,44,91,59,65,115,107,61,105,73,72,93,47,86,49,36,61,0,1
146,122,135,57,116,35,27,124,62,63,60,113,36,86,48,68,120,118,56,104,74,69,93,53,86,44,36,61,0,1
142,120,136,38,116,36,28,124,62,63,32,122,68,96,43,62,103,100,71,105,75,74,94,64,77,45,36,61,1,1
148,122,131,50,117,34,28,123,63,64,41,116,40,90,54,63,116,109,61,104,75,76,92,58,88,45,36,61,0,1
148,120,131,44,117,36,27,124,66,67,42,124,58,96,41,65,105,112,78,105,75,74,93,48,83,43,36,61,0,1
144,122,133,62,116,38,27,125,59,69,46,105,61,102,35,57,98,90,59,104,76,82,93,43,77,48,37,61,0,1
146,123,136,60,116,35,27,124,63,65,54,104,47,93,49,69,117,116,52,104,74,69,93,55,86,47,36,61,0,1
147,122,132,51,117,34,28,123,62,63,43,117,46,87,54,64,117,110,60,104,75,74,92,56,88,44,36,61,0,1
137,117,136,79,115,37,28,122,54,75,53,95,77,104,50,54,90,84,81,104,75,78,94,72,76,55,37,58,3,1
129,128,128,45,114,38,24,106,68,53,72,87,63,84,41,53,86,101,80,100,99,55,95,53,84,39,39,63,2,1
136,121,133,62,112,40,30,117,53,65,47,104,45,90,42,57,83,86,73,103,73,75,88,65,76,44,38,57,6,1
145,118,132,49,115,35,27,123,66,63,44,118,61,91,59,61,100,102,66,105,76,77,93,51,80,37,36,61,2,1
146,122,133,62,116,37,26,125,51,70,45,115,62,87,39,67,100,116,50,104,76,76,93,56,81,57,36,61,0,1
147,121,131,45,116,36,27,124,64,67,43,122,58,95,42,63,103,110,79,105,75,75,93,48,82,43,36,61,0,1
148,119,136,47,115,38,26,125,64,75,49,113,55,103,37,68,106,95,64,104,76,83,93,57,79,51,36,61,0,1
147,119,133,36,115,35,26,124,55,69,51,113,53,92,46,65,102,98,73,105,76,81,93,68,80,54,36,61,0,1
146,121,140,63,115,36,27,125,64,70,47,116,32,95,32,67,109,113,59,104,75,76,93,63,85,56,36,61,0,1
143,118,132,52,115,35,27,124,63,62,48,113,60,89,59,58,94,96,67,105,76,78,93,51,80,40,37,60,2,1
145,123,136,57,116,36,27,122,59,66,39,114,35,92,60,66,115,108,62,105,73,72,93,46,86,49,36,61,0,1
136,118,135,71,114,37,28,125,49,64,46,96,57,98,40,52,82,74,64,107,77,74,96,68,79,48,36,60,4,1
146,123,137,63,116,35,27,122,62,69,44,98,55,104,53,68,112,110,53,105,74,70,93,54,85,53,36,61,0,1
140,120,132,74,115,36,27,124,53,65,56,94,74,92,42,59,91,90,52,105,76,72,93,49,79,49,36,60,3,1
139,125,128,50,116,34,27,125,43,58,48,101,59,83,50,49,89,94,72,105,77,79,93,56,79,51,37,62,0,1
146,123,135,60,116,35,27,124,63,65,55,104,46,93,49,69,117,116,52,104,74,69,93,55,86,47,36,61,0,1
137,117,135,56,116,37,31,121,60,79,47,112,44,110,52,60,98,102,82,105,74,80,94,74,78,39,37,60,4,1
140,122,133,45,115,36,27,124,58,60,40,112,62,91,47,53,90,85,77,105,77,75,94,63,76,46,36,61,1,1
146,122,136,57,116,36,27,124,62,64,58,118,29,85,43,67,118,118,59,104,75,72,93,55,86,46,36,61,0,1
137,117,135,51,115,38,31,121,59,79,47,115,36,107,49,61,94,102,78,104,74,80,94,70,80,36,37,59,4,1
147,123,136,64,116,35,27,124,63,69,48,99,59,99,47,70,112,115,48,104,74,70,93,57,84,51,36,61,0,1
148,120,135,59,116,37,26,125,57,74,46,119,56,92,41,74,105,114,56,105,76,80,93,58,79,51,36,61,0,1
147,121,136,52,116,35,27,124,63,70,49,103,55,100,49,70,111,108,59,104,75,74,93,62,83,50,36,61,0,1
148,121,131,45,116,36,27,124,64,67,43,122,58,95,42,63,104,110,79,105,75,75,93,48,82,43,36,61,0,1
126,125,127,55,115,39,19,91,62,52,54,106,60,101,61,52,92,98,107,108,56,100,96,55,80,58,37,61,0,1
136,118,135,53,114,37,30,123,55,72,48,109,35,103,48,56,88,92,75,106,76,79,95,69,80,38,37,61,4,1
142,120,136,38,116,36,28,123,63,64,31,123,68,97,42,63,104,100,70,105,75,74,94,64,77,45,36,61,1,1
130,123,133,47,115,38,26,111,70,61,55,97,52,93,44,56,93,101,82,100,91,63,95,58,84,42,38,63,1,1
147,122,134,65,116,37,26,125,53,72,45,117,61,88,39,70,101,118,49,104,76,77,93,55,80,55,36,61,0,1
146,122,134,56,116,35,27,124,63,62,45,114,34,82,54,67,122,114,55,104,74,69,93,50,86,44,36,61,0,1
144,122,138,52,116,36,28,124,57,69,38,117,47,99,48,68,102,109,52,104,75,76,93,59,83,43,36,61,0,1
134,116,141,54,115,36,28,123,66,73,28,115,33,106,53,59,102,98,90,102,74,80,95,65,83,47,36,62,1,1
142,117,134,78,116,36,29,122,60,75,44,101,86,107,40,65,108,101,60,106,75,70,93,63,76,49,36,59,4,1
145,123,138,62,116,36,27,121,58,71,38,104,48,107,59,66,108,105,61,105,73,73,93,49,85,55,36,61,0,1
139,117,136,73,115,39,31,121,57,82,44,106,73,109,41,63,99,94,72,103,73,75,94,72,77,50,35,57,4,1
131,126,130,41,115,38,25,109,70,56,61,96,67,87,39,56,92,103,74,101,95,58,95,56,83,40,38,63,1,1
140,123,134,42,116,34,27,124,48,62,42,108,52,91,48,55,94,100,57,104,76,73,92,63,85,54,35,61,0,1
133,118,139,53,115,36,27,120,67,70,35,111,37,103,52,58,100,99,88,102,78,76,95,64,83,46,36,62,1,1
146,122,136,62,116,37,27,124,56,72,42,119,55,94,42,72,103,117,49,104,76,77,93,56,80,49,36,61,0,1
147,118,134,37,115,36,26,122,60,73,50,118,48,97,48,71,107,100,78,105,75,85,94,68,79,51,36,61,0,1
141,119,137,40,116,36,28,123,64,66,30,122,62,98,44,62,104,100,73,105,75,75,94,64,78,45,36,61,1,1
146,123,135,58,116,35,27,124,63,64,57,109,41,90,48,68,119,117,54,104,74,69,93,54,86,46,36,61,0,1
142,117,134,78,116,36,29,122,60,76,44,101,86,108,41,64,108,100,64,105,75,70,93,66,76,50,36,59,4,1
129,125,131,45,115,38,25,108,71,59,61,94,57,90,42,55,91,102,80,100,95,59,95,57,85,41,38,63,1,1
140,123,134,42,116,34,27,124,48,62,42,107,53,91,48,55,94,100,57,104,76,73,92,63,85,54,35,61,0,1
144,119,131,48,114,35,27,124,64,60,42,115,63,89,56,60,97,99,64,106,76,76,93,50,79,35,36,61,2,1
145,121,140,62,115,37,26,122,59,72,39,117,32,101,45,65,106,107,66,105,74,78,93,54,85,58,36,61,0,1
148,122,130,48,117,34,28,123,62,65,45,118,40,93,51,63,114,110,64,104,75,78,92,61,88,45,36,61,0,1
143,122,132,53,116,37,26,125,53,65,48,102,67,93,31,51,94,93,52,104,76,76,93,52,83,66,35,61,0,1
148,122,135,68,116,38,27,125,56,74,44,119,60,91,39,74,104,121,47,104,76,77,93,54,79,52,36,61,0,1
146,121,130,43,116,36,27,124,59,65,45,118,61,91,41,59,100,109,74,104,75,73,93,52,84,51,36,61,0,1
139,116,136,76,116,37,29,121,60,81,45,103,77,113,47,60,103,95,81,105,74,76,94,78,75,51,36,58,4,1
140,122,134,50,115,36,27,125,52,59,49,110,57,91,51,55,89,95,85,106,76,74,94,58,78,44,37,62,1,1
147,122,136,65,116,36,27,124,61,70,47,103,59,97,46,71,110,116,48,104,75,72,93,56,83,51,36,61,0,1
148,119,136,55,116,39,26,125,66,75,47,111,60,107,30,65,105,93,56,104,76,82,93,49,79,53,36,61,0,1
143,118,133,40,115,36,25,116,61,73,50,119,46,97,49,70,108,102,83,104,72,86,94,67,79,56,37,61,0,1
131,122,135,49,115,37,26,114,69,64,49,101,48,95,46,56,95,101,84,101,88,67,95,60,84,43,37,63,1,1
146,122,134,54,116,35,27,124,61,63,60,118,31,84,48,67,121,118,58,104,75,71,93,53,86,43,36,61,0,1
146,123,134,54,116,35,27,124,62,62,46,117,46,82,54,66,121,112,56,104,74,70,93,51,87,43,36,61,0,1
143,123,140,61,115,38,26,118,51,73,27,114,38,112,68,63,101,98,74,106,71,78,93,40,84,59,36,62,0,1
148,120,135,59,116,37,26,125,57,74,46,119,56,92,41,74,105,114,56,105,76,80,93,58,79,51,36,61,0,1
141,118,133,64,116,36,30,122,60,74,46,107,63,104,42,66,105,106,58,106,75,72,93,58,79,40,36,61,3,1
136,119,133,67,113,37,28,126,46,57,47,95,50,91,36,52,77,71,51,107,78,72,96,59,81,44,36,62,4,1
147,121,133,43,116,36,27,124,64,67,41,123,55,97,43,65,104,110,74,105,75,74,93,50,84,43,36,61,0,1
144,122,140,62,115,38,26,121,57,72,36,116,33,104,50,65,105,105,68,105,73,78,93,51,85,59,36,61,0,1
137,110,131,55,114,38,31,121,64,73,34,116,41,107,44,63,95,99,64,107,76,71,91,66,79,34,34,59,9,1
139,116,136,78,116,37,29,121,60,81,44,102,80,113,47,60,104,95,81,105,74,75,94,78,75,52,36,58,4,1
146,123,135,56,116,35,27,123,61,62,45,117,46,82,55,66,121,111,56,105,74,70,93,49,86,44,36,61,0,1
149,120,135,52,116,37,26,124,58,74,47,119,54,94,43,73,105,110,62,105,76,81,93,61,79,50,36,61,0,1
125,119,129,60,118,38,21,94,63,71,47,125,39,97,53,68,113,118,95,104,58,93,96,58,81,79,39,61,0,1
137,117,135,57,116,37,30,121,60,79,47,111,46,110,51,60,98,101,82,105,74,80,94,74,78,40,37,60,4,1
148,122,130,47,117,34,28,123,63,66,39,117,43,94,54,62,113,107,64,104,76,79,92,62,88,45,36,61,0,1
148,120,136,65,117,40,26,125,69,76,45,108,66,112,21,62,104,91,47,104,75,80,93,37,80,55,36,61,0,1
138,118,139,47,116,36,28,123,65,69,29,118,49,102,48,61,103,99,81,104,75,77,95,65,80,46,36,62,1,1
136,118,135,51,115,37,30,122,57,74,48,111,34,105,50,57,91,96,77,105,75,80,95,70,80,37,37,61,4,1
144,123,139,60,116,38,26,119,53,72,29,114,37,108,67,64,104,100,72,106,72,77,93,42,84,57,36,62,0,1
140,125,129,53,116,33,27,125,46,59,47,102,55,86,54,51,90,93,76,105,77,82,93,53,76,42,38,62,0,1
144,122,133,57,116,38,26,125,58,69,47,103,67,99,28,54,97,92,50,104,76,77,93,47,82,63,36,61,0,1
147,122,131,50,117,34,28,123,62,64,42,117,46,89,54,64,116,109,60,104,75,75,92,57,88,44,36,61,0,1
138,116,136,70,116,37,30,121,60,80,45,105,68,112,49,60,102,97,82,105,74,77,94,77,76,47,36,59,4,1
145,119,131,48,115,35,27,122,67,63,40,119,59,92,59,63,105,106,65,106,75,76,93,53,80,35,36,61,2,1
137,117,135,50,115,37,31,121,61,78,48,114,36,108,52,61,97,104,80,105,74,80,94,71,79,36,37,61,4,1
137,119,135,62,114,40,31,122,49,72,45,107,47,97,34,60,82,84,56,104,75,75,95,61,82,43,35,57,5,1
146,123,136,62,116,35,27,123,64,67,51,98,54,98,49,69,115,114,50,104,74,69,93,57,86,50,36,61,0,1
143,123,132,60,116,37,27,125,56,67,46,104,59,99,40,56,96,91,63,105,76,82,93,45,77,46,37,62,0,1
146,123,136,62,116,35,27,123,65,67,49,96,58,100,50,69,115,113,49,104,74,68,93,57,86,50,36,61,0,1
145,119,131,75,116,36,28,123,60,71,44,101,86,101,34,70,112,107,42,106,75,65,92,50,78,45,35,61,3,1
146,122,137,59,116,36,27,124,64,66,46,116,31,87,43,67,116,113,58,104,75,73,93,56,86,50,36,61,0,1
144,118,132,76,116,36,29,122,60,73,44,101,86,103,36,68,110,105,49,106,75,67,92,55,78,46,35,60,3,1
148,120,137,66,117,41,26,126,70,76,45,107,67,113,20,61,104,90,45,104,75,81,93,37,80,56,36,61,0,1
139,122,133,47,115,36,26,124,57,59,43,108,60,89,48,50,86,80,79,105,78,75,94,62,76,46,36,61,1,1
143,123,130,50,116,35,27,124,54,63,45,112,56,91,49,57,96,100,78,105,76,79,93,50,78,40,37,62,0,1
147,121,136,66,116,40,26,125,67,74,45,106,65,110,24,60,102,89,48,104,76,81,93,38,79,54,36,61,0,1
140,122,131,41,115,35,26,124,65,61,51,112,50,88,53,56,92,96,75,104,76,75,92,54,82,35,34,61,0,1
147,122,132,52,117,35,28,123,61,63,45,119,55,85,53,64,118,109,58,104,75,74,92,55,88,44,36,61,0,1
139,117,137,75,116,38,30,121,58,81,44,104,76,110,42,62,100,94,74,104,74,75,94,74,76,51,35,57,4,1
138,119,136,60,114,41,33,119,52,82,43,114,51,101,32,68,89,96,57,102,72,76,94,61,82,43,34,55,5,1
145,120,131,48,115,35,27,122,65,61,41,117,57,91,59,62,103,105,66,106,75,76,93,54,80,36,36,61,2,1
142,123,129,39,115,34,26,125,44,61,50,103,62,81,43,50,91,97,65,104,76,75,92,66,84,67,35,61,0,1
146,121,140,62,115,37,26,125,64,70,48,119,28,93,31,67,110,114,61,104,75,77,93,63,85,56,36,61,0,1
142,121,131,50,114,36,27,125,59,55,46,109,63,85,54,56,88,90,64,105,77,77,93,49,79,36,37,61,2,1
142,121,130,69,115,36,27,124,55,62,48,97,79,92,38,62,96,95,48,106,76,69,93,47,79,42,36,61,3,1
147,118,134,37,115,36,26,122,60,73,51,118,48,97,48,71,107,100,78,105,75,84,94,68,79,50,36,61,0,1
148,121,130,47,116,36,27,124,65,64,48,120,57,90,39,62,102,110,78,105,75,75,93,50,84,44,36,61,0,1
146,123,137,63,116,35,27,124,65,68,48,98,54,100,46,69,113,113,50,104,74,70,93,58,85,52,36,61,0,1
137,107,130,53,114,38,31,121,67,70,30,117,38,109,48,61,97,100,67,109,77,70,90,67,78,31,34,60,10,1
137,123,130,44,115,37,26,114,71,59,54,106,64,89,49,59,98,106,70,103,88,64,94,52,82,36,37,62,2,1
148,120,135,55,116,37,26,125,57,74,47,119,55,93,42,73,105,112,59,105,76,80,93,60,79,50,36,61,0,1
140,125,131,53,116,34,27,124,48,60,45,105,52,89,55,54,92,94,74,105,77,81,93,53,76,38,38,62,0,1
142,121,131,50,114,35,27,125,60,56,45,110,63,85,55,56,90,92,64,106,77,77,93,49,79,36,37,61,2,1
145,121,132,37,115,35,26,124,50,66,50,109,57,87,45,59,98,98,69,104,76,78,93,67,82,59,36,61,0,1
137,123,131,40,115,34,26,124,65,59,54,108,48,85,57,53,88,91,74,104,76,75,91,56,82,33,34,61,0,1
145,122,137,57,116,37,26,119,54,72,29,115,40,109,65,63,103,99,73,105,72,79,93,47,85,56,36,62,0,1
146,122,137,59,116,36,27,124,64,65,46,116,31,86,44,67,116,113,57,104,75,72,93,56,86,49,36,61,0,1
140,125,129,55,116,33,27,125,46,59,46,103,54,87,55,52,91,92,78,105,77,83,93,52,75,38,38,63,0,1
137,124,134,56,115,34,26,124,55,62,51,93,47,90,55,53,84,85,67,104,76,76,93,59,81,42,34,62,0,1
141,121,133,41,116,36,28,124,60,60,38,118,65,90,38,61,101,101,69,105,76,76,94,64,77,44,36,61,1,1
139,125,129,56,116,33,27,125,46,59,47,101,54,86,55,51,90,91,78,105,77,83,93,52,75,39,38,63,0,1
148,120,136,62,117,40,27,125,69,75,45,110,65,110,24,62,104,94,51,104,75,79,93,39,80,54,36,61,0,1
145,122,130,48,116,35,27,124,57,64,44,115,57,92,47,59,99,103,78,105,76,78,93,49,80,41,37,62,0,1
128,126,127,54,114,39,18,93,60,47,55,101,68,102,63,48,85,92,107,109,57,101,96,54,80,50,36,61,0,1
147,122,131,50,117,34,28,123,62,64,43,119,53,88,53,63,116,108,61,104,75,76,92,58,88,44,36,61,0,1
146,123,134,56,116,35,27,124,63,62,47,113,48,83,54,67,121,113,54,104,74,69,93,51,86,44,36,61,0,1
143,119,133,71,116,37,30,122,58,74,44,105,76,101,33,69,105,104,45,105,74,68,93,52,79,44,35,59,4,1
146,122,138,60,115,36,27,124,63,67,47,118,35,88,40,67,114,113,58,104,75,74,93,58,86,51,36,61,0,1
146,123,134,57,116,35,27,124,64,62,46,110,38,84,55,67,121,114,54,104,74,69,93,51,86,45,36,61,0,1
138,116,135,59,114,40,33,120,56,80,40,115,48,103,35,67,91,97,59,103,73,75,94,62,81,40,34,56,6,1
139,116,137,81,116,37,29,121,60,81,44,101,86,114,46,60,104,93,81,105,74,74,94,79,74,54,36,58,4,1
138,116,136,67,116,37,30,121,60,80,46,107,63,112,49,60,101,98,82,105,74,77,94,76,76,46,37,59,4,1
139,123,130,48,115,36,27,126,57,54,48,111,59,80,33,57,96,101,69,105,77,79,93,64,78,43,37,61,1,1
135,118,133,52,115,37,30,122,57,73,54,107,33,101,53,55,87,96,86,105,75,81,94,69,80,37,38,61,4,1
145,121,140,62,115,37,26,122,59,72,39,117,32,101,45,65,106,107,66,105,74,78,93,54,85,58,36,61,0,1
141,121,135,40,116,36,28,123,61,63,34,119,66,95,44,59,99,95,72,105,76,74,94,64,76,45,36,61,1,1
134,119,134,62,112,37,28,126,45,57,47,97,40,92,39,49,72,68,58,107,78,75,97,63,82,43,37,62,4,1
148,122,130,48,117,34,28,123,62,65,40,119,51,92,53,62,114,107,63,104,75,78,92,61,88,45,36,61,0,1
148,122,131,49,117,34,28,123,62,65,48,118,39,92,51,63,115,111,63,104,75,77,92,60,88,44,36,61,0,1
137,118,139,47,116,36,28,123,65,69,29,118,47,102,49,60,103,99,82,103,75,78,95,65,80,46,36,62,1,1
138,117,136,76,115,37,29,123,55,73,45,99,73,107,44,56,95,85,73,105,75,74,95,74,76,51,36,59,4,1
138,117,135,80,116,37,28,122,57,76,49,96,80,107,47,56,97,88,84,104,74,75,94,76,75,54,37,58,4,1
143,119,132,52,114,36,27,124,62,62,49,112,59,89,59,58,92,95,67,105,76,79,93,51,80,40,37,60,2,1
148,122,130,48,117,34,28,123,63,65,40,116,42,92,54,63,114,108,63,104,75,77,92,60,88,45,36,61,0,1
138,116,136,64,116,37,30,121,60,80,46,108,58,111,50,60,100,99,82,105,74,78,94,75,77,44,37,59,4,1
138,121,133,45,115,36,27,124,57,59,40,114,64,91,44,58,92,92,73,105,75,76,94,62,76,47,36,61,1,1
141,119,132,71,115,36,28,124,53,64,45,98,68,96,35,61,95,90,46,107,76,69,94,53,80,44,36,61,4,1
137,117,135,51,115,38,31,121,59,80,47,115,37,107,49,62,94,102,77,104,74,80,94,70,80,37,37,59,4,1
136,118,135,77,115,38,28,123,52,72,58,93,73,99,51,51,83,79,80,104,75,79,94,69,76,55,37,58,3,1
149,118,135,37,115,36,26,124,60,73,51,116,49,97,47,71,107,99,75,105,76,83,93,68,79,48,36,61,0,1
133,118,131,86,116,36,25,122,53,69,58,88,82,103,48,51,87,77,83,104,74,72,85,77,67,54,38,58,4,1
121,119,128,58,118,38,21,91,65,69,49,123,36,96,56,64,111,113,102,104,57,93,97,59,81,78,40,61,0,1
145,120,137,39,115,35,27,124,59,70,43,117,45,100,50,68,104,100,66,105,76,79,93,65,82,43,36,61,0,1
146,121,135,64,116,39,26,125,64,72,46,105,64,107,28,59,101,90,52,104,76,82,93,40,78,52,36,61,0,1
142,122,133,72,116,39,25,126,64,70,57,89,65,100,30,52,88,77,57,104,76,80,94,41,78,55,34,61,0,1
146,123,136,61,116,35,27,124,64,66,52,101,51,96,49,69,116,115,51,104,74,69,93,56,86,49,36,61,0,1
140,116,136,80,116,37,29,122,60,80,44,101,86,113,45,61,105,95,77,105,74,73,94,76,75,53,36,58,4,1
144,123,132,57,116,36,26,125,48,67,46,111,63,84,40,62,96,111,52,104,76,75,93,58,82,61,36,61,0,1
128,120,129,61,117,38,22,97,62,71,47,125,41,97,51,69,112,118,90,104,60,91,96,58,81,76,39,61,0,1
137,118,135,53,115,38,32,120,58,80,46,115,40,106,45,63,93,101,73,104,74,79,94,68,80,38,36,58,4,1
145,119,132,47,115,35,27,124,67,61,41,118,63,91,57,62,101,102,64,106,76,76,93,51,80,35,36,61,2,1
147,122,136,65,116,36,27,124,61,70,47,105,59,97,45,72,110,117,48,104,75,72,93,56,83,51,36,61,0,1
147,122,132,50,116,35,28,124,62,64,51,118,37,89,50,64,116,113,62,104,75,75,92,58,87,44,36,61,0,1
147,122,133,56,116,34,28,123,64,67,44,103,54,101,51,66,112,110,55,104,75,74,93,61,87,49,36,61,0,1
146,123,135,57,116,35,27,124,62,64,58,111,38,88,48,68,119,118,55,104,74,69,93,54,86,45,36,61,0,1
149,118,135,36,115,36,26,124,60,73,50,118,48,97,47,71,106,98,75,105,76,83,93,69,79,48,36,61,0,1
148,120,136,63,117,40,27,125,69,75,45,110,65,111,23,62,104,93,50,104,75,80,93,39,80,54,36,61,0,1
147,122,132,51,116,34,28,123,63,63,42,115,39,88,55,64,118,111,59,104,75,74,92,56,87,44,36,61,0,1
148,122,130,48,117,34,28,123,63,65,39,116,42,93,54,62,113,108,63,104,75,78,92,61,88,45,36,61,0,1
148,119,136,47,115,38,26,125,64,75,49,113,55,103,37,68,106,95,64,104,76,83,93,57,79,51,36,61,0,1
140,125,129,54,116,34,27,125,48,60,46,105,54,88,53,53,92,94,78,105,77,82,93,51,76,39,38,62,0,1
146,122,135,56,116,35,27,124,62,63,60,118,29,84,45,67,120,118,58,104,75,71,93,54,86,45,36,61,0,1
141,124,131,58,116,35,27,125,52,63,46,104,57,93,47,54,94,91,70,105,77,82,93,48,76,42,38,62,0,1
147,122,133,53,116,35,28,124,63,63,43,115,37,85,55,65,119,112,58,104,75,72,93,54,87,44,36,61,0,1
146,122,139,63,115,36,27,124,64,69,47,110,39,97,37,68,111,113,56,104,75,74,93,61,85,55,36,61,0,1
146,121,138,61,115,36,27,125,63,68,47,119,38,89,37,67,113,112,59,104,75,75,93,60,86,53,36,61,0,1
148,122,130,47,117,34,28,123,62,66,39,118,49,94,53,62,112,107,64,104,76,80,92,63,88,45,36,61,0,1
146,123,135,59,116,35,27,124,63,65,56,107,43,91,49,68,118,117,53,104,74,69,93,55,86,46,36,61,0,1
140,119,132,70,114,36,28,124,52,63,46,98,65,96,35,60,93,87,46,107,77,69,94,54,80,44,36,62,4,1
137,120,133,63,114,40,31,121,49,73,52,104,48,92,36,60,78,86,66,102,73,77,95,58,82,44,36,56,5,1
148,118,136,36,115,36,26,124,60,72,49,117,48,98,48,71,106,99,74,105,76,83,93,68,79,47,36,61,0,1
142,119,133,69,115,38,30,121,57,75,44,106,71,101,33,69,103,103,47,105,74,69,93,54,80,44,35,59,4,1
139,123,131,46,115,36,27,126,57,55,46,113,60,82,34,58,97,101,69,105,76,78,94,64,78,43,37,61,1,1
143,121,139,41,116,35,28,124,58,68,38,116,42,102,52,66,103,101,60,104,76,77,93,64,83,40,36,61,0,1
127,120,129,61,117,38,22,97,63,71,47,125,41,97,52,69,112,118,91,104,60,91,96,58,81,77,39,61,0,1
146,123,135,59,116,35,27,124,64,64,47,105,45,90,53,68,119,114,52,104,74,68,93,53,86,47,36,61,0,1
138,125,130,52,116,33,27,125,49,58,49,102,52,85,57,51,89,89,77,105,77,82,93,53,76,36,37,62,0,1
141,121,134,40,116,36,28,124,62,62,35,121,67,93,40,61,102,101,69,105,76,75,94,64,77,44,36,61,1,1
134,117,140,55,115,36,28,123,65,71,31,112,33,104,53,58,99,97,90,102,74,80,95,65,83,49,36,62,1,1
144,120,132,52,115,35,27,124,60,61,48,114,57,91,60,59,96,102,77,106,76,75,93,52,79,38,36,61,2,1
145,122,127,52,115,34,26,124,64,52,75,90,71,84,41,51,87,96,73,106,77,75,93,53,83,38,37,62,1,1
136,118,135,53,114,37,30,123,55,71,48,108,35,103,48,56,87,91,74,106,76,79,95,69,80,38,37,61,4,1
146,122,133,60,116,37,26,125,50,69,46,113,62,86,40,65,99,114,51,104,76,76,93,57,81,58,36,61,0,1
137,118,139,47,116,36,28,123,65,69,29,118,47,102,49,60,103,99,82,103,75,78,95,65,80,46,36,62,1,1
143,118,133,40,115,36,25,116,61,73,50,119,46,97,49,70,108,102,83,104,72,86,94,67,79,56,37,61,0,1
149,122,129,45,117,34,28,123,62,66,37,117,45,97,53,61,111,106,66,104,76,81,92,64,89,45,36,61,0,1
145,123,138,62,116,36,27,121,59,70,40,102,51,106,57,67,109,107,58,105,73,72,93,51,85,54,36,61,0,1
143,123,140,61,115,38,26,118,51,73,27,114,38,111,68,64,102,98,74,106,71,78,93,41,84,59,36,62,0,1
148,122,129,46,117,34,28,123,63,66,38,117,44,95,54,61,112,107,65,104,76,80,92,63,88,45,36,61,0,1
141,120,136,39,116,36,28,123,63,65,31,122,65,98,43,62,104,100,72,105,75,75,94,64,77,45,36,61,1,1
138,119,136,61,114,41,33,119,52,81,44,113,51,100,32,67,88,95,57,102,72,76,94,61,81,43,34,55,5,1
137,121,134,60,114,36,26,125,48,60,57,101,42,91,59,51,82,92,98,105,77,76,95,56,80,45,37,62,1,1
145,120,138,39,115,35,27,124,58,70,42,116,44,100,51,68,104,100,64,105,76,79,93,65,82,42,36,61,0,1
144,123,139,62,116,37,26,119,54,72,32,109,43,110,64,65,104,101,68,105,72,76,93,45,84,58,36,62,0,1
130,123,133,47,115,38,26,111,70,61,55,98,52,93,44,56,93,101,82,100,91,63,95,58,84,42,38,63,1,1
138,122,134,51,115,37,26,125,67,64,54,100,52,94,45,53,89,81,58,104,76,78,92,50,80,40,34,61,0,1
149,118,135,40,115,37,26,124,62,74,50,116,52,100,43,70,106,97,71,105,76,83,93,64,79,49,36,61,0,1
146,123,135,58,116,35,27,124,63,64,48,108,51,88,52,68,119,113,52,104,74,69,93,53,86,46,36,61,0,1
137,118,134,75,114,38,28,119,57,71,46,99,71,103,48,56,96,89,83,104,74,75,90,76,73,51,38,58,5,1
142,122,139,42,116,35,28,124,57,68,36,116,41,102,53,66,102,102,57,104,76,76,93,63,84,39,36,61,0,1
139,116,137,79,116,37,29,121,60,81,44,101,83,114,47,60,104,94,81,105,74,75,94,79,74,53,36,58,4,1
136,117,135,49,115,37,31,121,61,79,48,115,33,109,53,60,96,104,83,105,74,81,94,72,79,35,38,60,4,1
144,121,138,40,116,35,27,124,58,69,40,116,43,101,51,67,103,101,63,104,76,78,93,64,82,41,36,61,0,1
141,125,128,56,116,34,27,125,48,57,51,102,53,82,50,51,90,93,77,105,77,82,93,54,77,39,38,62,0,1
135,120,132,64,117,38,24,108,60,72,46,123,48,94,47,71,109,119,74,104,66,86,95,56,80,67,38,61,0,1
147,122,136,65,116,36,27,124,61,70,47,106,59,97,45,72,110,117,48,104,75,73,93,56,83,52,36,61,0,1
139,122,133,47,115,36,27,124,57,59,43,109,60,90,48,51,87,81,78,105,78,75,94,62,76,46,36,61,1,1
140,119,135,64,115,39,32,120,55,79,43,110,60,101,32,69,95,99,52,103,73,73,94,58,81,43,34,57,4,1
136,117,135,49,115,37,31,121,60,79,48,115,34,108,52,60,95,103,81,105,74,81,94,72,79,35,37,60,4,1
146,120,138,60,116,39,27,125,66,74,42,109,59,111,29,62,103,93,47,104,75,79,93,44,81,51,36,61,0,1
147,120,131,43,116,36,27,124,66,66,44,123,57,95,42,63,103,110,78,104,75,74,93,49,83,42,36,61,0,1
148,120,136,65,117,40,26,125,69,76,45,108,66,112,21,62,104,91,47,104,75,80,93,37,80,55,36,61,0,1
136,108,129,55,113,37,29,124,63,61,32,110,35,105,48,55,90,89,65,111,79,69,91,67,78,33,35,62,10,1
137,107,129,52,114,37,31,121,69,69,30,117,37,110,49,61,98,100,68,110,78,69,90,68,78,31,34,60,11,1
144,119,131,74,116,36,28,123,59,68,45,100,84,99,34,68,108,105,42,106,75,66,92,48,78,44,35,61,3,1
136,120,136,58,114,36,27,125,54,64,48,105,39,95,57,53,88,94,96,104,76,77,95,59,81,46,37,62,1,1
142,117,134,78,116,36,29,122,60,76,44,101,86,108,41,64,108,100,63,105,75,70,93,66,76,50,36,59,4,1
144,121,139,54,116,37,27,124,63,71,39,111,52,108,38,63,103,96,50,104,75,77,93,51,82,46,36,61,0,1
140,125,129,54,116,34,27,125,48,60,46,105,54,88,54,53,92,94,78,105,77,82,93,51,76,39,38,62,0,1
142,120,136,38,116,36,28,124,62,63,32,122,68,96,43,62,103,100,71,105,75,74,94,64,77,45,36,61,1,1
144,120,131,49,114,35,27,124,64,59,42,115,63,89,56,59,96,98,64,106,76,76,93,50,79,35,36,61,2,1
135,120,135,56,115,36,27,125,60,62,43,108,39,89,42,56,96,100,81,103,76,82,94,65,82,45,37,62,1,1
142,123,130,50,116,36,26,125,49,63,49,101,68,89,34,49,92,94,54,104,76,75,92,55,84,68,35,61,0,1
148,120,137,67,117,41,26,126,70,76,45,107,67,114,19,61,104,89,44,104,75,81,93,37,80,56,36,61,0,1
148,120,131,44,116,36,27,124,66,67,45,122,58,94,41,63,102,109,78,105,75,73,93,48,83,45,36,61,0,1
148,122,130,49,117,34,28,123,63,65,40,116,41,92,54,63,114,109,62,104,75,77,92,60,88,45,36,61,0,1
147,123,136,64,116,35,27,124,62,69,47,101,59,99,47,71,112,116,48,104,75,71,93,56,84,51,36,61,0,1
128,120,132,59,117,38,22,97,60,71,41,122,35,104,61,65,110,110,96,104,60,90,96,53,83,77,39,61,0,1
138,113,133,57,114,39,32,120,60,76,37,116,45,105,40,65,93,98,62,105,75,73,92,64,80,37,34,57,7,1
144,119,131,48,114,35,27,124,65,60,42,116,63,89,57,60,98,100,64,106,76,76,93,50,79,35,36,61,2,1
136,119,133,67,113,37,28,126,46,57,47,95,50,92,36,52,78,72,51,107,78,72,96,59,81,44,36,62,4,1
142,120,135,38,116,36,28,123,63,63,32,122,69,96,42,62,103,100,70,105,76,73,94,64,77,45,36,61,1,1
146,123,135,56,116,35,27,123,61,62,45,116,46,83,56,66,120,111,57,105,74,70,93,49,86,45,36,61,0,1
137,121,134,60,114,36,26,125,48,60,57,101,42,91,59,51,82,92,98,105,77,76,95,56,80,45,37,62,1,1
149,120,131,44,117,36,27,124,66,68,43,124,59,97,39,65,105,111,77,105,75,74,93,47,83,44,36,61,0,1
146,121,138,60,115,36,27,124,63,67,47,119,39,88,38,67,114,112,58,104,75,75,93,59,86,52,36,61,0,1
140,116,135,80,116,37,29,122,60,79,44,101,86,111,44,62,106,97,72,105,74,72,93,72,75,52,36,58,4,1
136,119,135,63,113,39,29,124,46,64,46,101,44,94,35,55,76,75,55,106,76,75,96,61,82,44,36,59,4,1
139,125,129,50,116,34,27,125,44,58,48,101,58,83,51,49,89,94,72,105,77,79,93,56,78,49,37,62,0,1
125,124,127,56,115,39,19,90,62,56,53,110,55,101,60,55,96,102,107,107,56,99,96,56,81,63,38,61,0,1
142,120,135,39,116,36,28,123,62,63,33,121,67,96,43,61,101,97,71,105,76,74,94,64,76,45,36,61,1,1
136,107,128,53,113,36,29,123,66,62,30,113,35,107,50,56,93,93,67,111,79,69,90,68,78,31,35,62,11,1
146,121,139,63,115,36,27,125,64,70,47,112,36,96,35,68,110,113,57,104,75,75,93,62,85,55,36,61,0,1
136,125,130,48,115,33,26,125,53,57,52,100,48,83,60,49,85,86,75,104,77,80,92,56,77,33,36,62,0,1
140,124,134,49,116,34,28,124,51,63,41,109,48,94,54,58,96,97,67,105,76,79,93,56,79,38,37,62,0,1
148,119,135,40,115,36,26,124,61,72,50,114,50,98,47,71,108,101,72,105,76,81,93,67,80,48,36,61,0,1
136,118,132,79,115,37,28,123,53,68,58,88,71,96,48,50,84,80,88,104,75,76,94,70,77,53,38,59,4,1
144,121,139,55,116,37,27,125,63,71,40,111,53,108,37,63,103,96,49,104,75,78,93,50,82,47,36,61,0,1
144,118,132,76,116,36,29,122,60,72,44,101,86,103,36,68,111,105,48,106,75,67,92,54,78,46,35,61,3,1
135,110,130,56,113,37,29,124,60,59,35,108,36,102,46,54,86,84,63,110,79,70,92,66,79,35,35,62,9,1
148,122,131,49,117,34,28,123,62,64,42,119,52,90,53,63,115,108,61,104,75,77,92,59,88,45,36,61,0,1
148,120,135,59,117,39,27,125,69,74,44,112,64,108,26,62,104,97,55,104,75,79,93,40,81,52,36,61,0,1
149,122,129,46,117,34,28,123,63,66,38,117,44,96,54,61,111,107,65,104,76,80,92,64,89,45,36,61,0,1
135,118,134,57,114,37,29,124,51,65,48,104,37,98,44,53,81,82,67,106,77,78,96,66,81,40,37,61,4,1
147,120,136,66,117,41,26,126,68,76,46,106,67,112,20,60,103,89,44,104,76,81,93,38,80,58,36,61,0,1
137,117,134,83,116,37,27,122,57,77,49,96,84,110,47,56,98,87,82,104,74,74,90,78,72,54,37,58,4,1
138,118,136,56,115,40,32,120,56,81,45,114,45,104,40,65,92,99,66,103,73,78,94,65,81,40,35,57,4,1
142,120,136,38,116,36,28,123,63,64,31,123,67,97,42,62,104,100,70,105,75,74,94,64,77,45,36,61,1,1
139,116,136,81,116,37,29,122,58,79,47,98,83,111,47,58,101,91,82,104,74,75,94,77,75,54,36,58,4,1
140,121,131,45,115,36,26,117,71,61,49,112,64,91,52,61,102,107,68,104,84,68,93,52,81,36,37,62,2,1
142,122,140,42,116,34,28,124,57,67,36,116,41,103,53,65,102,102,57,104,76,75,93,63,84,39,36,61,0,1
140,124,134,49,116,34,28,124,51,63,41,109,48,95,54,58,96,97,67,105,76,79,93,56,79,38,37,62,0,1
144,122,128,50,115,34,26,124,64,54,68,95,71,86,41,53,90,97,73,106,76,75,93,55,82,39,37,62,1,1
147,120,136,65,116,40,26,126,66,74,46,105,67,110,21,59,102,90,45,104,76,80,93,39,80,59,36,61,0,1
129,124,132,46,115,38,25,110,70,60,57,96,54,91,43,55,92,102,81,100,93,61,95,58,84,41,38,63,1,1
148,120,131,43,117,36,27,124,66,67,43,124,59,96,40,64,105,112,78,105,75,74,93,48,83,44,36,61,0,1
146,123,134,56,116,35,27,124,64,62,46,111,37,83,55,67,121,114,54,104,74,69,93,50,86,44,36,61,0,1
140,120,127,75,114,36,27,124,52,59,60,87,69,84,39,55,86,87,61,106,76,70,93,47,80,47,38,61,3,1
146,123,135,56,116,35,27,123,61,62,45,116,46,82,55,66,121,111,56,105,74,70,93,49,86,44,36,61,0,1
146,123,135,58,116,35,27,124,62,64,48,110,59,88,52,68,119,112,52,104,74,69,93,53,86,46,36,61,0,1
148,122,130,47,117,34,28,123,62,65,39,117,46,94,54,62,113,107,64,104,76,79,92,62,88,45,36,61,0,1
148,119,137,62,116,40,26,125,68,76,46,108,64,111,24,63,105,90,49,104,76,82,93,42,79,55,36,61,0,1
139,116,136,81,116,37,29,122,59,80,45,100,85,113,47,59,103,93,82,105,74,75,94,78,74,54,36,58,4,1
146,121,140,63,115,36,27,125,64,70,47,115,32,95,32,67,110,113,59,104,75,76,93,63,85,56,36,61,0,1
137,117,135,50,115,38,31,121,59,79,47,115,36,107,49,61,95,102,78,104,74,80,94,70,80,36,37,60,4,1
144,122,133,61,116,37,27,125,58,68,46,105,61,101,36,57,98,90,60,104,76,82,93,44,77,48,37,62,0,1
134,117,141,55,115,36,28,123,65,72,30,114,33,105,54,58,101,98,91,102,74,80,95,65,83,47,36,62,1,1
147,123,136,64,116,35,27,124,63,69,48,100,59,99,47,71,112,115,48,104,75,70,93,57,84,51,36,61,0,1
138,117,136,79,116,37,28,122,56,77,50,97,80,107,49,56,95,87,81,104,75,77,94,74,75,55,36,58,4,1
131,121,134,60,117,38,23,102,58,72,38,120,36,106,62,65,108,108,91,105,62,87,95,50,83,73,38,62,0,1
138,116,136,78,115,37,29,122,57,76,44,99,78,110,45,57,98,88,76,105,75,74,94,76,75,52,36,58,4,1
148,122,131,51,117,34,28,123,63,67,41,109,50,100,52,63,111,108,60,104,75,77,92,63,88,48,36,61,0,1
149,120,131,45,117,37,27,124,66,68,43,124,59,97,39,65,105,111,77,105,75,74,93,47,83,45,36,61,0,1
149,122,129,46,117,34,28,123,62,66,38,118,48,96,53,61,111,106,65,104,76,81,92,64,89,45,36,61,0,1
146,121,140,62,115,36,26,125,64,69,46,118,28,92,33,67,111,113,60,104,75,76,93,62,85,55,36,61,0,1
144,121,136,43,116,35,28,124,61,67,38,119,48,100,48,65,103,106,64,104,75,74,93,56,84,40,36,61,0,1
141,122,140,43,116,34,28,124,57,67,35,115,41,103,54,64,101,102,55,104,75,75,93,62,84,38,36,61,0,1
140,118,134,59,116,36,30,122,61,75,46,109,54,106,45,64,102,105,66,105,75,75,93,63,79,39,37,61,4,1
135,117,141,53,115,36,28,123,66,72,29,115,36,105,53,59,102,99,88,102,74,80,95,65,82,47,36,62,1,1
146,122,134,55,116,35,27,124,61,62,62,118,30,83,48,67,121,119,58,104,74,70,93,53,86,43,36,61,0,1
147,122,136,59,116,35,27,123,64,68,49,98,57,101,49,70,113,111,52,104,75,71,93,59,85,51,36,61,0,1
142,124,130,51,116,34,27,124,52,62,45,109,55,90,51,56,95,98,78,105,76,80,93,50,77,40,38,62,0,1
140,119,135,64,115,40,32,120,55,79,43,111,60,101,32,68,95,99,53,103,73,73,94,58,81,43,34,57,4,1
143,120,131,49,114,35,27,124,62,58,43,113,63,87,56,58,94,95,64,106,77,76,93,49,79,36,37,61,2,1
137,117,135,49,115,37,31,121,61,79,48,115,34,109,53,60,96,104,82,105,74,81,94,72,79,35,38,60,4,1
143,122,140,61,115,38,26,119,52,73,28,114,37,111,66,64,101,98,74,106,71,78,93,42,84,60,36,62,0,1
138,114,134,57,114,40,32,120,59,77,38,115,46,105,38,65,92,98,61,105,74,73,93,64,80,38,34,57,7,1
134,119,137,59,114,36,26,123,59,66,41,103,35,96,56,48,85,79,93,103,77,80,94,63,81,48,36,62,1,1
148,120,136,63,117,40,27,125,69,75,45,110,65,111,23,62,104,93,50,104,75,80,93,38,80,54,36,61,0,1
141,122,133,42,116,36,28,125,60,59,40,117,64,88,38,60,100,101,69,105,76,77,94,64,77,44,36,61,1,1
139,116,137,79,116,37,29,121,60,81,44,102,82,114,47,60,104,94,81,105,74,75,94,78,74,53,36,58,4,1
144,120,130,50,115,35,27,122,62,60,42,114,55,90,58,60,101,103,68,106,75,77,93,56,80,36,36,61,2,1
146,122,134,63,116,37,26,125,52,71,45,116,61,88,39,69,100,117,50,104,76,77,93,56,80,56,36,61,0,1
146,123,134,56,116,35,27,124,62,62,47,114,48,82,54,67,121,112,54,104,74,69,93,51,86,44,36,61,0,1
139,120,132,74,115,37,27,124,51,64,60,92,71,89,44,57,85,85,56,105,76,75,93,49,79,50,37,60,3,1
146,122,137,59,116,36,27,124,64,66,46,116,31,87,43,67,116,113,58,104,75,73,93,57,86,50,36,61,0,1
146,123,136,62,116,35,27,123,65,67,50,96,56,100,49,69,115,114,49,104,74,68,93,57,86,50,36,61,0,1
139,122,134,38,116,36,28,120,65,62,39,116,68,94,41,61,101,101,71,104,80,70,94,62,78,44,36,62,1,1
147,122,133,53,116,35,28,124,63,62,44,114,37,84,55,65,120,112,57,104,75,71,93,53,87,44,36,61,0,1
137,117,135,52,115,37,31,121,61,79,47,113,39,109,52,60,97,103,83,105,74,81,94,73,79,37,37,60,4,1
146,122,134,53,116,36,27,120,56,70,31,116,42,106,61,62,105,101,71,105,73,80,93,53,86,53,36,61,0,1
146,121,130,46,116,36,27,124,62,66,44,120,58,94,44,62,102,108,79,105,75,76,93,49,81,42,36,61,0,1
141,118,133,61,116,36,30,122,60,75,46,108,58,105,44,65,104,106,62,106,75,74,93,61,79,39,36,61,4,1
138,119,136,60,114,41,33,120,52,80,43,113,50,100,32,67,88,94,57,102,73,76,95,61,82,43,34,55,5,1
135,118,135,52,115,37,30,122,57,75,53,109,35,103,54,56,88,96,82,104,75,83,94,69,79,39,38,60,4,1
139,117,137,74,116,38,30,121,57,81,44,105,75,110,42,62,100,94,73,104,74,75,94,73,77,50,35,57,4,1
148,120,134,57,117,39,27,125,68,73,44,114,64,106,28,63,105,99,58,104,75,78,93,41,81,51,36,61,0,1
144,122,129,49,115,34,27,124,64,55,63,99,70,87,41,54,92,97,72,106,76,75,93,56,81,40,37,62,1,1
126,119,129,60,118,38,21,94,63,71,47,125,39,97,53,68,113,118,94,104,59,92,96,58,81,79,39,61,0,1
142,121,131,50,114,35,27,125,60,56,45,110,63,86,55,57,90,92,64,106,77,77,93,49,79,36,37,61,2,1
140,116,136,80,116,37,29,122,60,80,44,101,86,113,45,61,105,95,77,105,74,73,94,76,75,53,36,58,4,1
143,121,130,51,115,35,27,121,60,59,43,111,52,89,58,59,99,102,69,106,75,77,93,57,80,37,36,61,2,1
149,122,129,45,117,34,28,123,62,66,39,118,44,97,53,61,111,107,66,104,76,81,92,65,89,45,36,61,0,1
145,120,131,49,115,35,27,122,64,61,41,116,57,91,59,62,103,105,67,106,75,76,93,54,80,36,36,61,2,1
142,118,133,65,116,36,29,122,60,73,46,106,66,104,40,66,106,106,56,106,75,71,93,57,79,41,36,61,3,1
146,122,136,60,116,35,27,123,64,68,49,97,57,101,49,70,113,112,51,104,74,70,93,59,85,51,36,61,0,1
136,117,135,78,115,37,28,123,53,72,56,94,74,101,51,52,85,80,80,104,75,79,94,70,76,55,37,58,3,1
145,122,126,54,115,33,26,124,64,51,79,87,71,82,41,50,86,96,74,106,77,75,93,52,83,37,37,62,1,1
148,122,130,47,117,34,28,123,62,66,39,117,46,94,53,62,113,107,64,104,76,79,92,62,88,45,36,61,0,1
138,119,136,61,114,41,32,120,51,79,43,112,50,100,33,66,87,92,57,102,73,76,95,61,82,43,34,56,5,1
132,120,137,50,115,37,27,117,68,67,43,105,43,99,49,57,97,100,86,101,83,71,95,62,84,44,37,62,1,1
124,119,129,60,118,38,21,92,64,71,47,125,38,98,53,68,114,118,97,104,58,93,97,59,81,80,40,61,0,1
144,122,138,58,116,37,26,119,53,72,28,115,39,110,66,63,102,99,74,106,72,79,93,45,85,57,36,62,0,1
147,122,133,53,116,35,28,124,62,62,45,117,46,84,54,65,120,111,57,104,75,72,93,53,87,44,36,61,0,1
130,121,133,60,117,38,23,101,59,72,38,121,36,105,62,65,109,108,92,105,62,88,95,51,83,74,38,62,0,1
146,123,136,63,116,35,27,123,65,68,49,95,59,101,50,69,114,113,48,104,74,68,93,57,86,51,36,61,0,1
146,121,140,63,115,37,26,125,64,70,47,119,28,93,30,67,109,113,61,104,75,77,93,63,85,57,36,61,0,1
146,122,136,58,116,36,27,124,64,65,46,115,32,85,46,67,118,114,57,104,75,72,93,55,86,48,36,61,0,1
148,122,131,49,117,34,28,123,62,64,42,119,52,90,53,63,115,108,62,104,75,77,92,59,88,45,36,61,0,1
143,123,140,61,115,38,26,118,51,73,27,114,38,112,68,63,101,98,75,106,71,78,93,40,84,60,36,62,0,1
146,118,132,46,115,35,28,123,70,64,39,122,62,94,59,64,108,108,64,106,76,75,92,52,80,35,36,61,2,1
141,122,140,43,116,34,28,124,57,67,35,116,41,103,53,65,102,102,56,104,75,74,93,62,85,38,36,61,0,1
135,109,130,56,113,37,29,124,61,60,34,109,36,103,47,54,88,86,64,110,79,70,92,67,79,34,35,62,9,1
141,122,132,73,115,39,25,126,64,68,58,86,65,98,31,50,86,76,59,104,76,80,94,41,78,55,34,62,0,1
146,121,140,63,115,37,26,125,64,70,47,119,28,93,30,67,109,113,61,104,75,77,93,64,85,57,36,61,0,1
137,111,132,55,114,39,32,121,63,73,34,116,42,107,43,63,95,99,64,107,76,72,91,66,79,35,34,58,9,1
146,121,140,63,115,37,26,125,64,70,47,119,29,92,31,67,110,113,60,104,75,77,93,63,85,56,36,61,0,1
140,125,129,55,116,33,27,125,46,59,47,103,54,87,55,52,91,92,78,105,77,83,93,52,75,38,38,63,0,1
141,120,137,40,116,36,28,123,64,65,30,122,63,98,44,62,104,100,73,105,75,75,94,64,77,45,36,61,1,1
136,119,133,73,113,38,28,118,56,66,47,98,64,97,49,54,91,86,84,104,74,75,88,74,73,50,38,59,6,1
128,127,129,43,114,39,24,105,72,55,69,89,63,85,39,54,89,103,77,99,100,54,96,55,85,39,39,63,1,1
148,119,135,41,115,36,26,124,61,72,50,113,51,98,48,71,108,101,71,105,76,81,93,67,80,49,36,61,0,1
146,122,135,57,116,35,27,124,64,63,46,115,33,83,50,67,120,114,56,104,74,70,93,52,86,46,36,61,0,1
144,122,130,46,116,35,26,123,64,64,52,109,53,84,46,57,89,97,77,105,77,72,93,51,82,48,35,60,0,1
146,121,138,60,115,36,27,125,63,67,53,118,28,89,37,67,114,116,59,104,75,74,93,59,85,51,36,61,0,1
146,122,137,59,116,36,27,124,62,65,48,120,46,85,43,67,116,112,57,104,75,73,93,56,86,49,36,61,0,1
144,123,130,49,116,35,27,124,56,63,45,114,56,91,48,58,98,102,78,105,76,78,93,50,79,41,37,62,0,1
148,122,135,68,116,38,27,125,55,74,44,119,60,90,39,74,103,121,48,104,76,78,93,54,79,53,36,61,0,1
149,119,135,45,115,36,26,124,59,74,49,118,52,95,45,72,106,105,68,105,76,82,93,64,79,49,36,61,0,1
148,120,136,66,117,41,26,126,70,76,45,107,67,113,20,62,104,90,46,104,75,81,93,37,80,56,36,61,0,1
146,118,134,37,115,36,25,121,61,73,50,118,47,97,48,71,107,100,79,105,74,85,94,68,79,52,36,61,0,1
148,122,130,48,117,34,28,123,63,65,40,116,42,92,54,63,114,108,62,104,75,77,92,60,88,45,36,61,0,1
145,123,136,57,116,36,27,122,58,66,40,116,43,91,59,65,115,107,62,105,73,72,93,47,86,49,36,61,0,1
146,122,135,55,116,35,27,124,61,63,62,118,30,83,47,67,121,119,58,104,74,70,93,53,86,43,36,61,0,1
144,122,138,52,116,36,28,124,57,69,38,117,47,99,48,68,102,109,52,104,75,76,93,59,83,43,36,61,0,1
136,117,135,49,115,37,31,121,60,78,48,114,33,108,52,59,95,102,82,105,75,81,94,72,79,35,38,61,4,1
138,118,138,46,116,36,28,123,65,68,30,119,51,101,48,61,103,99,80,104,75,77,95,65,80,46,36,62,1,1
135,121,133,56,115,36,26,126,59,59,46,107,40,86,40,56,95,100,80,103,76,82,94,64,81,44,37,62,1,1
141,122,140,44,116,34,28,124,56,66,35,115,41,102,54,64,101,102,56,104,76,75,93,61,84,38,36,61,0,1
146,121,139,63,115,36,27,125,64,70,47,112,36,96,35,68,110,113,57,104,75,75,93,62,85,55,36,61,0,1
146,122,137,58,116,36,27,125,62,65,56,118,29,87,41,67,117,117,59,104,75,73,93,57,85,48,36,61,0,1
145,123,137,58,116,37,27,121,56,68,36,115,42,97,62,65,111,105,65,105,73,74,93,45,85,52,36,62,0,1
137,121,135,59,114,36,26,125,50,61,54,102,41,92,58,52,84,93,97,105,76,77,95,57,80,45,37,62,1,1
147,122,131,50,117,34,28,123,62,64,42,117,46,89,54,64,116,109,60,104,75,75,92,57,88,44,36,61,0,1
136,119,137,58,115,36,27,124,56,65,45,107,38,97,57,54,90,95,95,104,76,78,95,60,81,46,37,62,1,1
148,122,130,48,117,34,28,123,62,65,40,117,46,93,54,62,113,107,63,104,75,79,92,61,88,45,36,61,0,1
143,120,131,70,115,36,28,124,56,63,47,98,80,93,37,63,99,97,46,106,76,69,93,47,79,43,36,61,3,1
130,123,133,47,115,38,26,111,70,61,55,97,52,93,44,56,93,101,82,100,91,63,95,58,84,42,38,63,1,1
120,120,127,58,118,38,20,87,65,68,49,124,37,99,57,65,113,115,107,104,55,97,97,59,82,82,40,61,0,1
143,118,133,77,116,36,29,122,60,73,44,101,86,105,37,67,110,103,53,106,75,68,93,57,77,47,35,60,3,1
140,116,135,80,116,37,29,122,60,79,44,101,86,111,44,62,106,97,72,105,74,72,93,72,75,52,36,58,4,1
148,120,134,55,117,39,27,125,68,72,44,116,63,105,30,63,105,101,61,104,75,77,93,42,82,50,36,61,0,1
146,121,138,60,115,36,27,125,64,67,46,116,31,88,41,67,115,113,58,104,75,73,93,58,86,51,36,61,0,1
149,118,135,35,115,36,26,124,60,73,51,117,49,96,47,71,106,98,76,105,76,84,93,69,79,48,36,61,0,1
149,122,129,46,117,34,28,123,62,66,38,118,48,96,53,61,111,106,65,104,76,81,92,64,89,45,36,61,0,1
137,106,129,52,114,37,31,122,70,68,29,118,36,111,50,61,98,101,68,110,78,69,90,68,77,30,34,61,11,1
136,121,133,62,112,40,30,117,53,66,47,104,46,90,41,58,83,87,72,103,73,75,88,65,77,44,38,57,6,1
146,122,138,60,115,36,27,124,63,66,47,118,36,87,41,67,115,113,58,104,75,74,93,58,86,51,36,61,0,1
148,122,131,51,117,34,28,123,63,67,41,109,50,100,52,63,111,108,60,104,75,78,92,63,88,48,36,61,0,1
143,123,130,51,116,35,26,125,45,63,48,106,65,81,41,55,93,106,55,104,76,74,92,60,83,65,35,61,0,1
134,119,134,57,114,38,29,123,52,70,61,102,39,95,56,51,77,85,81,104,76,84,95,64,80,43,38,60,3,1
148,118,136,36,115,36,26,124,60,72,49,117,48,98,48,71,106,99,74,105,76,83,93,68,79,47,36,61,0,1
135,122,132,56,115,36,26,126,58,57,49,106,41,83,38,55,94,100,78,103,76,82,94,64,81,44,37,62,1,1
138,122,131,45,115,35,27,125,55,57,44,111,66,86,43,57,91,91,72,105,76,74,94,61,78,52,37,61,1,1
147,120,137,63,116,40,27,125,68,75,43,108,62,112,25,62,104,91,45,104,75,80,93,41,81,53,36,61,0,1
142,122,140,44,116,35,28,124,58,67,35,115,42,104,52,65,102,102,54,104,75,75,93,61,84,39,36,61,0,1
147,122,136,65,116,36,27,124,61,70,47,105,59,97,45,72,110,117,48,104,75,72,93,56,83,52,36,61,0,1
135,121,136,60,116,38,24,108,55,72,33,118,36,108,65,64,106,104,85,105,66,84,94,47,83,68,38,62,0,1
139,125,129,51,116,34,27,125,44,58,47,102,57,84,52,49,89,93,73,105,77,80,93,55,78,47,37,62,0,1
146,122,135,56,116,35,27,124,62,63,60,118,29,84,45,67,120,118,58,104,75,71,93,54,86,44,36,61,0,1
134,116,141,54,115,36,28,123,67,73,29,114,33,106,54,59,102,98,90,102,75,80,95,65,83,47,36,62,1,1
136,117,135,49,115,37,31,121,60,78,49,114,33,108,53,59,94,102,83,105,75,82,94,72,79,36,38,60,4,1
149,119,135,48,115,37,26,124,58,74,48,118,53,94,44,73,106,107,66,105,76,82,93,63,79,50,36,61,0,1
138,119,135,61,114,41,32,119,53,77,44,111,49,98,35,65,87,93,62,102,73,76,92,62,80,43,35,56,5,1
146,121,140,63,115,37,26,125,64,70,48,119,28,93,30,67,110,114,61,104,75,77,93,63,85,56,36,61,0,1
146,118,132,46,115,35,27,122,70,64,40,121,63,93,58,64,107,108,64,105,77,74,93,52,80,35,36,61,2,1
139,116,136,80,116,37,29,122,60,81,44,101,86,113,46,60,105,94,79,105,74,74,94,77,74,53,36,58,4,1
137,117,135,78,115,37,28,123,53,73,56,94,75,101,51,53,86,81,80,104,75,79,94,70,76,55,37,58,3,1
136,123,134,49,115,36,25,125,66,62,56,99,50,91,50,51,87,80,60,103,77,78,91,53,80,37,34,61,0,1
148,122,130,47,117,34,28,123,63,65,39,116,43,94,54,62,113,108,64,104,76,79,92,61,88,45,36,61,0,1
139,125,129,51,116,34,27,125,44,58,47,102,57,84,52,50,90,93,74,105,77,80,93,55,77,46,38,62,0,1
139,125,129,55,116,33,27,125,46,59,47,101,54,86,55,51,90,91,78,105,77,83,93,52,75,39,38,63,0,1
136,118,135,52,115,37,30,122,57,74,48,111,34,105,50,57,90,95,77,105,75,80,95,70,80,37,37,61,4,1
146,123,137,63,116,35,27,123,63,69,45,97,55,103,52,69,112,111,52,104,74,70,93,55,85,52,36,61,0,1
141,122,132,57,114,35,26,125,50,58,58,104,51,88,60,53,85,95,89,106,77,75,94,52,79,41,37,62,2,1
139,122,133,46,115,36,27,124,57,59,42,109,60,90,48,51,87,81,78,105,78,75,94,62,76,46,36,61,1,1
141,120,136,39,116,36,28,123,63,65,31,122,65,98,43,62,104,100,72,105,75,75,94,64,77,45,36,61,1,1
137,117,135,51,115,38,31,121,59,80,47,115,37,107,48,62,94,102,76,104,74,80,94,69,80,37,37,59,4,1
148,119,136,57,116,39,26,125,67,76,47,110,61,108,28,65,105,92,54,104,76,82,93,47,79,54,36,61,0,1
144,123,139,62,116,37,26,120,55,72,33,108,44,109,63,65,105,102,67,105,72,75,93,45,85,57,36,62,0,1
136,118,135,53,115,37,30,122,56,72,48,110,35,104,49,57,89,93,75,105,75,80,95,69,80,37,37,61,4,1
149,120,131,44,117,36,27,124,66,67,43,125,59,96,40,65,105,112,79,105,75,74,93,48,83,44,36,61,0,1
141,122,140,44,116,34,28,124,57,67,35,115,41,103,53,65,102,103,55,104,75,75,93,62,84,38,36,61,0,1
146,123,135,58,116,35,27,124,62,63,48,112,59,86,52,67,119,112,52,104,74,69,93,53,86,46,36,61,0,1
148,121,131,45,116,36,27,124,64,67,43,122,58,95,42,63,103,110,79,105,75,75,93,48,82,43,36,61,0,1
137,118,135,52,115,38,32,121,58,80,46,115,39,106,46,62,94,101,75,104,74,80,94,69,80,37,36,59,4,1
148,122,130,48,117,34,28,123,62,65,40,117,46,93,54,62,114,108,63,104,75,78,92,61,88,45,36,61,0,1
146,122,135,56,116,35,27,124,62,63,61,118,29,83,46,67,120,119,58,104,74,70,93,53,86,44,36,61,0,1
143,120,131,70,115,36,28,124,56,64,47,98,80,94,37,64,99,97,46,106,76,68,92,47,79,43,36,61,3,1
135,119,135,69,113,37,28,125,47,61,46,96,53,96,39,50,78,71,61,107,77,74,96,66,80,47,36,61,4,1
147,123,135,59,116,34,28,123,64,68,46,100,56,101,50,67,113,112,52,104,75,71,93,59,86,50,36,61,0,1
139,118,134,56,116,37,30,122,61,76,47,111,49,106,47,63,101,105,70,105,75,76,94,65,79,38,37,61,4,1
146,122,137,59,116,36,27,124,63,66,47,118,37,87,42,67,115,113,58,104,75,73,93,57,86,50,36,61,0,1
146,121,140,63,115,37,26,125,63,71,45,118,28,95,31,67,108,112,62,104,75,77,93,63,85,57,36,61,0,1
141,120,132,74,115,36,27,124,53,65,56,94,74,92,42,60,91,91,52,105,76,72,93,49,79,49,36,60,3,1
138,116,136,80,116,37,29,122,58,79,47,99,83,111,48,58,100,90,81,104,74,76,94,77,75,54,36,58,4,1
136,117,135,49,115,37,31,121,60,78,48,115,33,108,53,60,95,103,82,105,75,81,94,72,79,35,38,60,4,1
146,122,136,58,116,35,27,124,64,64,46,115,32,85,47,67,118,114,57,104,75,71,93,54,86,48,36,61,0,1
144,122,139,60,116,38,26,118,52,73,27,114,38,112,68,63,101,98,74,106,71,78,93,42,85,59,36,62,0,1
135,118,138,57,115,36,27,124,59,68,40,109,36,100,56,55,93,96,94,103,75,78,95,61,82,46,36,62,1,1
143,122,132,53,116,37,26,125,53,66,48,102,67,94,31,52,95,93,52,104,76,76,93,51,83,66,36,61,0,1
146,123,135,56,116,35,27,123,61,62,45,117,46,82,55,66,121,111,56,105,74,70,93,49,86,44,36,61,0,1
125,119,129,55,117,38,21,93,64,71,48,125,36,99,55,67,114,114,102,104,58,94,96,61,81,79,40,61,0,1
146,122,136,57,116,35,27,124,62,64,59,118,29,85,44,67,119,118,58,104,75,71,93,55,86,46,36,61,0,1
140,118,133,60,116,36,30,122,60,75,46,109,57,105,44,64,103,106,64,105,75,74,93,61,79,39,37,61,4,1
138,118,136,58,115,40,33,120,54,81,44,114,47,103,36,66,90,98,62,102,73,77,94,63,81,41,35,56,5,1
138,116,135,59,114,40,33,120,56,79,40,115,48,103,35,67,91,97,59,103,74,74,93,63,81,40,34,56,6,1
141,121,135,43,116,36,28,124,58,62,39,117,64,94,46,59,98,98,76,106,76,74,94,62,77,45,36,61,1,1
149,120,131,44,117,36,27,124,66,68,43,125,59,96,40,65,105,112,79,105,75,74,93,48,83,44,36,61,0,1
139,118,132,43,116,37,24,112,62,72,50,121,44,97,50,70,110,105,86,104,69,88,95,66,80,61,37,61,0,1
146,123,136,61,116,35,27,123,64,66,48,100,52,96,51,69,116,114,50,104,74,68,93,55,86,49,36,61,0,1
135,118,135,55,114,37,30,123,53,69,48,107,36,101,47,55,85,88,71,106,76,79,95,68,80,39,37,61,4,1
145,120,138,39,115,35,27,124,58,70,42,116,44,100,50,68,104,100,65,105,76,79,93,65,82,43,36,61,0,1
146,123,135,58,116,35,27,124,63,64,57,109,40,89,48,68,119,117,54,104,74,69,93,54,86,46,36,61,0,1
149,122,129,45,117,34,28,123,62,67,39,118,44,97,53,61,111,107,66,104,76,81,92,65,89,45,36,61,0,1
139,125,129,50,116,34,27,125,44,58,47,101,58,84,51,49,89,93,73,105,77,79,93,55,78,49,37,62,0,1
142,121,133,66,117,38,25,116,58,73,45,121,54,92,43,73,106,120,61,104,71,82,94,55,80,60,37,61,0,1
137,108,130,53,114,38,31,121,66,70,31,117,39,109,46,62,97,100,66,109,77,70,90,67,78,32,34,60,10,1
146,122,136,58,116,36,27,124,63,64,47,117,40,85,46,67,118,113,57,104,75,72,93,55,86,48,36,61,0,1
146,122,135,57,116,35,27,124,64,63,46,114,33,83,51,67,120,114,56,104,74,70,93,52,86,46,36,61,0,1
144,118,134,39,115,36,25,118,61,73,50,119,46,97,48,71,108,101,81,105,73,86,94,67,79,54,37,61,0,1
146,121,140,63,115,37,26,124,63,71,45,118,28,95,32,67,108,112,62,104,75,77,93,62,85,57,36,61,0,1
142,120,136,38,116,36,28,123,63,63,32,122,68,96,42,62,103,99,70,105,76,74,94,64,76,45,36,61,1,1
149,118,135,35,115,36,26,124,59,73,51,117,49,96,47,70,106,98,76,105,76,83,93,69,79,49,36,61,0,1
146,121,140,63,115,37,26,125,64,70,47,119,28,93,30,67,109,113,60,104,75,77,93,63,85,56,36,61,0,1
148,119,136,58,116,39,26,125,67,76,47,110,61,109,28,64,105,92,53,104,76,82,93,46,79,54,36,61,0,1
138,119,136,60,114,41,33,119,53,82,43,114,51,101,32,68,89,96,57,102,72,76,94,61,82,43,34,55,5,1
140,124,134,49,116,34,28,124,51,63,41,108,48,94,54,58,96,97,68,105,76,79,93,56,79,38,37,62,0,1
140,124,130,41,116,34,26,125,43,58,46,102,61,82,45,48,90,98,59,104,76,72,92,64,85,65,35,61,0,1
146,122,137,59,116,36,27,124,63,65,47,118,39,86,44,67,117,113,57,104,75,73,93,56,86,49,36,61,0,1
146,123,134,54,116,35,27,124,62,62,46,117,46,82,54,66,121,112,56,104,74,70,93,52,87,43,36,61,0,1
129,125,132,46,115,38,25,109,70,60,59,95,55,91,43,55,92,102,81,100,94,61,95,57,85,41,38,63,1,1
149,118,135,37,115,36,26,124,60,73,51,116,49,97,47,71,107,99,74,105,76,83,93,68,79,48,36,61,0,1
139,125,128,47,116,34,26,125,42,57,48,100,61,81,48,47,88,94,69,105,76,77,93,58,80,56,37,62,0,1
146,122,137,58,116,36,27,124,62,65,48,120,47,84,44,66,117,112,57,104,75,73,93,56,86,48,36,61,0,1
141,121,131,45,115,36,26,117,71,61,49,112,64,91,53,61,102,107,67,104,84,68,93,52,81,36,37,62,2,1
147,122,132,52,116,35,28,124,63,63,43,115,38,86,55,65,119,111,58,104,75,72,93,54,87,44,36,61,0,1
149,122,129,46,117,34,28,123,62,66,38,117,44,97,53,61,111,106,66,104,76,81,92,64,89,45,36,61,0,1
144,119,131,73,116,36,29,123,60,71,44,102,82,101,35,69,111,107,43,106,75,66,92,50,78,44,35,61,3,1
137,117,136,79,115,37,28,122,55,76,52,96,78,105,49,55,92,85,81,104,75,77,94,73,75,55,37,58,3,1
147,122,132,52,116,34,28,123,63,63,42,115,38,87,55,65,118,111,59,104,75,73,93,55,87,44,36,61,0,1
148,122,131,49,117,34,28,123,62,64,41,117,46,90,54,63,115,109,61,104,75,76,92,59,88,45,36,61,0,1
142,120,135,38,116,36,28,124,63,63,32,123,68,96,42,62,104,100,70,105,75,74,94,64,76,45,36,61,1,1
139,118,134,56,116,37,30,122,61,76,47,111,48,106,47,63,100,105,70,105,75,77,94,65,79,38,37,61,4,1
148,119,136,56,116,39,26,125,66,75,47,110,61,108,29,65,105,92,55,104,76,82,93,48,79,54,36,61,0,1
146,122,135,56,116,35,27,124,62,63,61,118,29,84,46,67,120,119,58,104,75,71,93,54,86,44,36,61,0,1
123,119,128,59,118,38,21,91,64,70,48,126,37,98,54,67,114,118,100,104,57,94,97,59,82,82,40,61,0,1
140,125,129,52,116,34,27,125,45,59,47,102,56,85,53,50,90,93,75,105,77,81,93,54,77,45,38,62,0,1
133,125,131,40,115,38,26,111,69,57,56,101,67,89,39,57,94,102,73,102,92,60,95,58,82,41,38,62,1,1
140,124,132,41,116,34,27,124,44,60,45,104,58,85,46,50,91,99,58,104,76,73,92,64,85,61,35,61,0,1
140,118,133,60,116,36,30,122,61,75,46,109,55,105,45,64,103,105,65,105,75,75,93,62,79,39,37,61,4,1
146,122,136,57,116,35,27,124,64,64,46,115,33,84,49,67,119,114,56,104,74,71,93,53,86,47,36,61,0,1
138,119,133,68,114,37,28,125,49,60,46,96,57,93,36,55,84,79,49,107,77,71,95,57,81,44,36,62,4,1
146,121,140,63,115,37,26,125,64,70,47,116,31,94,31,67,109,113,60,104,75,76,93,63,85,56,36,61,0,1
146,121,140,62,115,37,26,125,64,70,47,119,29,92,32,67,110,113,60,104,75,77,93,63,85,56,36,61,0,1
137,117,135,57,116,37,30,121,60,79,47,111,47,110,51,60,98,101,82,105,74,80,94,74,78,40,37,60,4,1
135,119,134,58,113,37,29,124,49,63,48,102,38,97,43,52,79,79,65,107,77,77,96,65,81,41,37,61,4,1
146,122,135,56,116,35,27,124,62,63,61,118,29,84,46,67,120,119,58,104,75,71,93,54,86,44,36,61,0,1
146,122,134,56,116,35,27,124,63,62,45,114,34,82,54,67,122,114,55,104,74,69,93,50,86,44,36,61,0,1
142,121,130,69,115,36,27,124,55,62,48,97,79,92,38,62,96,95,47,106,76,69,93,47,79,42,36,61,3,1
141,124,131,58,116,35,27,125,52,63,46,104,57,93,47,54,94,91,70,105,77,82,93,48,76,42,38,62,0,1
145,122,127,52,115,34,26,124,64,52,74,91,71,84,41,52,88,96,73,106,77,75,93,53,83,38,37,62,1,1
141,123,137,42,116,34,28,124,52,64,38,111,47,96,51,59,98,101,56,104,76,74,92,63,85,47,36,61,0,1
142,117,134,78,116,36,29,122,60,76,44,101,86,108,40,64,108,100,63,105,75,70,93,65,76,50,36,59,4,1
120,119,127,58,118,38,20,87,65,70,48,126,34,98,56,66,115,117,106,104,55,96,97,60,82,84,40,61,0,1
144,119,132,74,116,36,28,123,58,68,45,100,79,99,34,67,106,101,42,107,76,66,93,50,79,44,35,61,3,1
148,119,135,40,115,36,26,124,61,72,50,113,50,98,47,71,108,101,71,105,76,81,93,67,80,49,36,61,0,1
141,118,133,64,116,36,29,122,60,74,46,107,64,104,41,66,105,106,58,106,75,72,93,58,79,40,36,61,3,1
140,122,133,52,115,36,27,125,50,58,53,107,55,89,53,54,86,94,89,106,77,74,94,57,78,44,37,62,1,1
137,117,135,51,115,37,31,121,61,79,48,114,37,109,52,60,96,103,83,105,74,81,94,73,79,36,37,60,4,1
148,122,130,47,117,34,28,123,62,66,43,118,42,95,52,62,113,109,65,104,76,79,92,63,88,45,36,61,0,1
144,119,131,74,116,36,28,123,59,69,44,100,83,100,33,69,109,105,41,107,75,66,92,49,79,44,35,61,3,1
140,120,132,74,115,36,27,124,52,65,58,93,73,91,43,58,88,88,54,105,76,73,93,49,79,49,37,60,3,1
146,123,135,59,116,35,27,124,63,64,48,108,59,89,52,68,118,112,52,104,74,69,93,54,86,47,36,61,0,1
146,121,138,60,115,36,27,125,63,67,47,118,34,89,38,67,114,113,59,104,75,74,93,59,86,52,36,61,0,1
135,120,136,56,115,36,27,125,61,64,41,109,38,92,44,57,97,100,83,103,75,82,94,65,82,45,37,62,1,1
134,118,139,56,115,36,27,123,63,70,34,109,33,102,55,54,95,90,92,102,75,80,95,64,82,47,36,62,1,1
135,124,129,44,115,37,26,112,71,58,58,102,65,88,47,58,96,106,71,102,91,62,94,53,83,37,38,62,2,1
140,125,129,52,116,34,27,125,45,59,47,102,57,85,52,50,90,93,74,105,77,81,93,54,77,45,38,62,0,1
140,124,127,55,114,36,26,120,51,54,47,101,44,84,58,55,91,96,73,106,73,79,93,61,81,39,37,61,2,1
146,120,137,38,115,35,27,124,59,71,44,117,45,99,50,69,105,100,67,105,76,80,93,66,81,44,36,61,0,1
148,118,134,36,115,36,26,124,58,72,51,116,50,95,47,69,105,98,75,105,76,83,93,68,79,50,36,61,0,1
142,121,131,51,114,36,27,125,59,55,46,108,63,84,54,55,87,89,64,105,77,77,93,48,79,36,37,61,2,1
143,123,130,50,116,35,27,124,54,63,45,112,56,91,49,57,97,100,78,105,76,79,93,50,78,40,37,62,0,1
147,122,133,53,116,35,28,124,62,62,45,117,46,84,54,65,119,111,57,104,75,72,93,53,87,44,36,61,0,1
149,122,129,45,117,34,28,123,62,67,37,118,46,98,53,61,110,106,66,104,76,82,92,65,89,46,36,61,0,1
141,122,130,66,114,36,27,125,53,58,49,96,76,88,40,58,88,88,51,106,76,71,93,47,79,41,37,61,3,1
145,123,137,58,116,36,27,121,58,67,37,114,36,95,61,65,113,106,64,105,73,73,93,45,85,51,36,62,0,1
127,128,128,43,114,39,24,104,72,54,70,88,64,85,39,54,88,103,77,99,101,53,96,54,85,38,39,63,2,1
147,122,134,57,116,34,28,123,64,67,45,102,54,101,51,66,113,111,54,104,75,73,93,60,87,49,36,61,0,1
149,118,135,38,115,36,26,124,61,74,50,117,50,98,45,71,106,98,74,105,76,83,93,66,79,49,36,61,0,1
147,122,134,66,116,37,26,125,54,72,44,118,60,89,39,72,102,119,48,104,76,77,93,55,80,54,36,61,0,1
148,120,136,67,117,40,27,125,66,77,50,104,62,117,27,62,104,87,39,104,76,81,93,38,80,56,36,61,0,0
144,122,136,55,114,35,25,125,52,62,66,105,45,94,53,51,71,80,76,105,77,76,93,67,85,39,37,62,0,0
144,118,128,56,115,35,27,124,53,65,56,107,35,102,46,52,77,86,73,106,78,78,92,72,83,36,36,61,3,0
138,123,139,49,115,35,26,125,53,60,48,107,52,92,40,47,79,66,62,105,77,79,92,69,82,38,38,62,0,0
132,129,127,54,112,37,19,102,58,39,63,85,77,96,63,42,73,82,99,110,61,96,95,55,79,41,35,61,0,1
90,145,80,84,102,30,12,152,26,25,96,61,53,54,50,24,24,37,90,108,81,65,91,59,91,45,42,63,1,1
144,123,139,74,116,38,26,118,47,77,19,116,49,110,48,61,102,99,88,106,71,83,93,44,85,69,36,62,0,0
90,145,80,84,102,30,12,152,26,25,96,60,53,54,50,24,24,36,90,107,81,66,91,59,91,45,42,63,1,1
130,125,129,69,113,34,23,126,63,43,82,51,56,58,43,29,54,56,89,105,77,76,93,56,80,45,33,64,0,1
91,145,81,84,102,30,13,152,27,26,96,61,53,54,50,25,25,37,90,108,81,66,91,59,91,45,42,63,1,1
135,119,131,30,114,35,28,123,63,53,42,95,37,92,60,49,69,72,85,104,75,67,92,45,82,41,40,61,3,0